{
  "config": {
    "input": "/workspace/gender_dataset/men/51.jpg",
    "prompt": "turn the image into a professional headshot",
    "output_dir": "/workspace/output/geo_whitebox_results_20260614_172707/blackbox/men51_headshot_local_from_whitebox_g6p12",
    "seed": 7401,
    "max_size": 512,
    "diffusion_steps": 4,
    "guidance_scale": 1.0,
    "max_sequence_length": 512,
    "text_encoder_out_layers": [
      9,
      18,
      27
    ],
    "torch_dtype": "bfloat16",
    "methods": [
      "tps",
      "piecewise",
      "dct",
      "rolling"
    ],
    "objective": "final_edit_blackbox",
    "attack_iters": 0,
    "lr": 0.08,
    "max_disp_px": 2.5,
    "init_scale_px": 0.0,
    "grid_size": 6,
    "dct_size": 4,
    "rbf_size": 5,
    "rbf_sigma": 0.55,
    "tps_size": 5,
    "piecewise_size": 5,
    "padding_mode": "reflection",
    "face_mask": "face",
    "face_center_x": 0.4208984375,
    "face_center_y": 0.2930952380952381,
    "face_radius_x": 0.22,
    "face_radius_y": 0.3,
    "use_gates": true,
    "gate_init": 2.0,
    "lambda_visual": 30.0,
    "lambda_disp": 0.1,
    "lambda_smooth": 0.2,
    "lambda_fold": 5.0,
    "lambda_method_l1": 0.02,
    "lambda_gate_l1": 0.01,
    "hybrid_vae_weight": 0.2,
    "feature_layers": [
      0,
      4,
      8
    ],
    "feature_source": "blocks",
    "objective_timestep": 0,
    "objective_timesteps": [
      0
    ],
    "edge_falloff_px": 16.0,
    "save_theta": true
  },
  "projected_parameters_finite": true,
  "metrics": {
    "input": {
      "psnr": 39.95431263367615,
      "ssim": 0.9904522014896561,
      "l2": 0.010052738102680973,
      "mean_abs": 0.002200708258897066,
      "max_abs": 0.3019607961177826
    },
    "output": {
      "psnr": 32.098193369846896,
      "ssim": 0.9796043932601591,
      "l2": 0.024836496407233972,
      "mean_abs": 0.007250314578413963,
      "max_abs": 0.7372549176216125
    },
    "clean_edit": {
      "psnr": 13.235801921706294,
      "ssim": 0.5809445748915938,
      "l2": 0.21787625609761865,
      "mean_abs": 0.15768350660800934,
      "max_abs": 0.9607843160629272
    },
    "perturbed_edit": {
      "psnr": 13.225315642462608,
      "ssim": 0.5833972757583386,
      "l2": 0.21813945204561055,
      "mean_abs": 0.1577187180519104,
      "max_abs": 0.9607843160629272
    },
    "displacement": {
      "max_dx_px": 0.9453645944595337,
      "max_dy_px": 0.5557847023010254,
      "max_magnitude_px": 0.9595475196838379,
      "mean_magnitude_px": 0.09070981293916702,
      "p95_magnitude_px": 0.5559400916099548
    },
    "score_terms": {
      "prompt_failure": 0.0,
      "output_diverge": 0.20576490899553332,
      "stealth_penalty": 0.0
    }
  },
  "score": 0.20576490899553332,
  "valid": true,
  "method_displacement": {
    "rolling": {
      "max_dx_px": 0.13634690642356873,
      "max_dy_px": 0.0,
      "max_magnitude_px": 0.13634690642356873,
      "mean_magnitude_px": 0.0167685654014349,
      "p95_magnitude_px": 0.11344365030527115
    },
    "dct": {
      "max_dx_px": 0.749382495880127,
      "max_dy_px": 0.47442880272865295,
      "max_magnitude_px": 0.7533565163612366,
      "mean_magnitude_px": 0.07610122859477997,
      "p95_magnitude_px": 0.4641523063182831
    },
    "tps": {
      "max_dx_px": 0.09727856516838074,
      "max_dy_px": 0.11467263102531433,
      "max_magnitude_px": 0.11504288762807846,
      "mean_magnitude_px": 0.011293339543044567,
      "p95_magnitude_px": 0.070085808634758
    },
    "piecewise": {
      "max_dx_px": 0.15464602410793304,
      "max_dy_px": 0.07695518434047699,
      "max_magnitude_px": 0.16571970283985138,
      "mean_magnitude_px": 0.019875824451446533,
      "p95_magnitude_px": 0.12488588690757751
    }
  },
  "gate_values": {
    "tps": 0.42293769121170044,
    "piecewise": 0.4162081182003021,
    "dct": 0.5278778076171875,
    "rolling": 0.5460010170936584
  },
  "outputs": {
    "original": "/workspace/output/geo_whitebox_results_20260614_172707/blackbox/men51_headshot_local_from_whitebox_g6p12/cand_027_g03_m03/original.png",
    "perturbed": "/workspace/output/geo_whitebox_results_20260614_172707/blackbox/men51_headshot_local_from_whitebox_g6p12/cand_027_g03_m03/perturbed.png",
    "original_diffused": "/workspace/output/geo_whitebox_results_20260614_172707/blackbox/men51_headshot_local_from_whitebox_g6p12/cand_027_g03_m03/original_diffused.png",
    "perturbed_diffused": "/workspace/output/geo_whitebox_results_20260614_172707/blackbox/men51_headshot_local_from_whitebox_g6p12/cand_027_g03_m03/perturbed_diffused.png",
    "flow": "/workspace/output/geo_whitebox_results_20260614_172707/blackbox/men51_headshot_local_from_whitebox_g6p12/cand_027_g03_m03/flow.png",
    "report": "/workspace/output/geo_whitebox_results_20260614_172707/blackbox/men51_headshot_local_from_whitebox_g6p12/cand_027_g03_m03/report.json"
  }
}