{
  "config": {
    "input": "/workspace/gender_dataset/men/51.jpg",
    "prompt": "turn the image into a professional headshot",
    "output_dir": "/workspace/output/geo_whitebox_results_20260614_172707/blackbox/men51_headshot_local_from_whitebox_g6p12",
    "seed": 7401,
    "max_size": 512,
    "diffusion_steps": 4,
    "guidance_scale": 1.0,
    "max_sequence_length": 512,
    "text_encoder_out_layers": [
      9,
      18,
      27
    ],
    "torch_dtype": "bfloat16",
    "methods": [
      "tps",
      "piecewise",
      "dct",
      "rolling"
    ],
    "objective": "final_edit_blackbox",
    "attack_iters": 0,
    "lr": 0.08,
    "max_disp_px": 2.5,
    "init_scale_px": 0.0,
    "grid_size": 6,
    "dct_size": 4,
    "rbf_size": 5,
    "rbf_sigma": 0.55,
    "tps_size": 5,
    "piecewise_size": 5,
    "padding_mode": "reflection",
    "face_mask": "face",
    "face_center_x": 0.4208984375,
    "face_center_y": 0.2930952380952381,
    "face_radius_x": 0.22,
    "face_radius_y": 0.3,
    "use_gates": true,
    "gate_init": 2.0,
    "lambda_visual": 30.0,
    "lambda_disp": 0.1,
    "lambda_smooth": 0.2,
    "lambda_fold": 5.0,
    "lambda_method_l1": 0.02,
    "lambda_gate_l1": 0.01,
    "hybrid_vae_weight": 0.2,
    "feature_layers": [
      0,
      4,
      8
    ],
    "feature_source": "blocks",
    "objective_timestep": 0,
    "objective_timesteps": [
      0
    ],
    "edge_falloff_px": 16.0,
    "save_theta": true
  },
  "projected_parameters_finite": true,
  "metrics": {
    "input": {
      "psnr": 42.16212145492648,
      "ssim": 0.9938930538668963,
      "l2": 0.0077963966688631495,
      "mean_abs": 0.0018127195071429014,
      "max_abs": 0.2039215862751007
    },
    "output": {
      "psnr": 31.789583508476603,
      "ssim": 0.9795615435622921,
      "l2": 0.025734801607643416,
      "mean_abs": 0.0069214217364788055,
      "max_abs": 0.772549033164978
    },
    "clean_edit": {
      "psnr": 13.235801921706294,
      "ssim": 0.5809445748915938,
      "l2": 0.21787625609761865,
      "mean_abs": 0.15768350660800934,
      "max_abs": 0.9607843160629272
    },
    "perturbed_edit": {
      "psnr": 13.226487432653691,
      "ssim": 0.583491784461004,
      "l2": 0.2181100254192611,
      "mean_abs": 0.15753531455993652,
      "max_abs": 0.9607843160629272
    },
    "displacement": {
      "max_dx_px": 0.6013169288635254,
      "max_dy_px": 0.47827115654945374,
      "max_magnitude_px": 0.6133163571357727,
      "mean_magnitude_px": 0.07768836617469788,
      "p95_magnitude_px": 0.4360545575618744
    },
    "score_terms": {
      "prompt_failure": 0.0,
      "output_diverge": 0.21042783378904875,
      "stealth_penalty": 0.0
    }
  },
  "score": 0.21042783378904875,
  "valid": true,
  "method_displacement": {
    "rolling": {
      "max_dx_px": 0.12837281823158264,
      "max_dy_px": 0.0,
      "max_magnitude_px": 0.12837281823158264,
      "mean_magnitude_px": 0.014522560872137547,
      "p95_magnitude_px": 0.09623195976018906
    },
    "dct": {
      "max_dx_px": 0.5152934193611145,
      "max_dy_px": 0.40259960293769836,
      "max_magnitude_px": 0.5437655448913574,
      "mean_magnitude_px": 0.06340566277503967,
      "p95_magnitude_px": 0.3616642951965332
    },
    "tps": {
      "max_dx_px": 0.057063497602939606,
      "max_dy_px": 0.11952851712703705,
      "max_magnitude_px": 0.11988090723752975,
      "mean_magnitude_px": 0.012326348572969437,
      "p95_magnitude_px": 0.07467661052942276
    },
    "piecewise": {
      "max_dx_px": 0.136704683303833,
      "max_dy_px": 0.09842830896377563,
      "max_magnitude_px": 0.13684503734111786,
      "mean_magnitude_px": 0.01340990699827671,
      "p95_magnitude_px": 0.08341427147388458
    }
  },
  "gate_values": {
    "tps": 0.3799268305301666,
    "piecewise": 0.38860008120536804,
    "dct": 0.4307176470756531,
    "rolling": 0.5779887437820435
  },
  "outputs": {
    "original": "/workspace/output/geo_whitebox_results_20260614_172707/blackbox/men51_headshot_local_from_whitebox_g6p12/cand_072_g06_m12/original.png",
    "perturbed": "/workspace/output/geo_whitebox_results_20260614_172707/blackbox/men51_headshot_local_from_whitebox_g6p12/cand_072_g06_m12/perturbed.png",
    "original_diffused": "/workspace/output/geo_whitebox_results_20260614_172707/blackbox/men51_headshot_local_from_whitebox_g6p12/cand_072_g06_m12/original_diffused.png",
    "perturbed_diffused": "/workspace/output/geo_whitebox_results_20260614_172707/blackbox/men51_headshot_local_from_whitebox_g6p12/cand_072_g06_m12/perturbed_diffused.png",
    "flow": "/workspace/output/geo_whitebox_results_20260614_172707/blackbox/men51_headshot_local_from_whitebox_g6p12/cand_072_g06_m12/flow.png",
    "report": "/workspace/output/geo_whitebox_results_20260614_172707/blackbox/men51_headshot_local_from_whitebox_g6p12/cand_072_g06_m12/report.json"
  }
}