{
  "config": {
    "input": "/workspace/gender_dataset/men/51.jpg",
    "prompt": "turn the image into a professional headshot",
    "output_dir": "/workspace/output/geo_whitebox_results_20260614_172707/blackbox/men51_headshot_local_from_whitebox_g6p12",
    "seed": 7401,
    "max_size": 512,
    "diffusion_steps": 4,
    "guidance_scale": 1.0,
    "max_sequence_length": 512,
    "text_encoder_out_layers": [
      9,
      18,
      27
    ],
    "torch_dtype": "bfloat16",
    "methods": [
      "tps",
      "piecewise",
      "dct",
      "rolling"
    ],
    "objective": "final_edit_blackbox",
    "attack_iters": 0,
    "lr": 0.08,
    "max_disp_px": 2.5,
    "init_scale_px": 0.0,
    "grid_size": 6,
    "dct_size": 4,
    "rbf_size": 5,
    "rbf_sigma": 0.55,
    "tps_size": 5,
    "piecewise_size": 5,
    "padding_mode": "reflection",
    "face_mask": "face",
    "face_center_x": 0.4208984375,
    "face_center_y": 0.2930952380952381,
    "face_radius_x": 0.22,
    "face_radius_y": 0.3,
    "use_gates": true,
    "gate_init": 2.0,
    "lambda_visual": 30.0,
    "lambda_disp": 0.1,
    "lambda_smooth": 0.2,
    "lambda_fold": 5.0,
    "lambda_method_l1": 0.02,
    "lambda_gate_l1": 0.01,
    "hybrid_vae_weight": 0.2,
    "feature_layers": [
      0,
      4,
      8
    ],
    "feature_source": "blocks",
    "objective_timestep": 0,
    "objective_timesteps": [
      0
    ],
    "edge_falloff_px": 16.0,
    "save_theta": true
  },
  "projected_parameters_finite": true,
  "metrics": {
    "input": {
      "psnr": 40.947653267154756,
      "ssim": 0.9927454700824904,
      "l2": 0.008966384048426949,
      "mean_abs": 0.001992318080738187,
      "max_abs": 0.24705882370471954
    },
    "output": {
      "psnr": 34.9261793147399,
      "ssim": 0.98753682635027,
      "l2": 0.01793457271680808,
      "mean_abs": 0.005521233659237623,
      "max_abs": 0.6549019813537598
    },
    "clean_edit": {
      "psnr": 13.235801921706294,
      "ssim": 0.5809445748915938,
      "l2": 0.21787625609761865,
      "mean_abs": 0.15768350660800934,
      "max_abs": 0.9607843160629272
    },
    "perturbed_edit": {
      "psnr": 13.235018107249184,
      "ssim": 0.5834306524863995,
      "l2": 0.21789591813249182,
      "mean_abs": 0.15736304223537445,
      "max_abs": 0.9607843160629272
    },
    "displacement": {
      "max_dx_px": 0.7687730193138123,
      "max_dy_px": 0.41896557807922363,
      "max_magnitude_px": 0.7932695150375366,
      "mean_magnitude_px": 0.07661964744329453,
      "p95_magnitude_px": 0.45401328802108765
    },
    "score_terms": {
      "prompt_failure": 0.0,
      "output_diverge": 0.13952555818296059,
      "stealth_penalty": 0.0
    }
  },
  "score": 0.13952555818296059,
  "valid": true,
  "method_displacement": {
    "rolling": {
      "max_dx_px": 0.03699332848191261,
      "max_dy_px": 0.0,
      "max_magnitude_px": 0.03699332848191261,
      "mean_magnitude_px": 0.004941305611282587,
      "p95_magnitude_px": 0.03252153471112251
    },
    "dct": {
      "max_dx_px": 0.76143479347229,
      "max_dy_px": 0.3193945288658142,
      "max_magnitude_px": 0.7731072306632996,
      "mean_magnitude_px": 0.07084540277719498,
      "p95_magnitude_px": 0.4026298224925995
    },
    "tps": {
      "max_dx_px": 0.08372405171394348,
      "max_dy_px": 0.07633991539478302,
      "max_magnitude_px": 0.1100282296538353,
      "mean_magnitude_px": 0.009839746169745922,
      "p95_magnitude_px": 0.059721555560827255
    },
    "piecewise": {
      "max_dx_px": 0.18848006427288055,
      "max_dy_px": 0.11195649951696396,
      "max_magnitude_px": 0.20679888129234314,
      "mean_magnitude_px": 0.02200239896774292,
      "p95_magnitude_px": 0.1462513506412506
    }
  },
  "gate_values": {
    "tps": 0.3436325192451477,
    "piecewise": 0.40441223978996277,
    "dct": 0.6165473461151123,
    "rolling": 0.48091354966163635
  },
  "outputs": {
    "original": "/workspace/output/geo_whitebox_results_20260614_172707/blackbox/men51_headshot_local_from_whitebox_g6p12/cand_036_g03_m12/original.png",
    "perturbed": "/workspace/output/geo_whitebox_results_20260614_172707/blackbox/men51_headshot_local_from_whitebox_g6p12/cand_036_g03_m12/perturbed.png",
    "original_diffused": "/workspace/output/geo_whitebox_results_20260614_172707/blackbox/men51_headshot_local_from_whitebox_g6p12/cand_036_g03_m12/original_diffused.png",
    "perturbed_diffused": "/workspace/output/geo_whitebox_results_20260614_172707/blackbox/men51_headshot_local_from_whitebox_g6p12/cand_036_g03_m12/perturbed_diffused.png",
    "flow": "/workspace/output/geo_whitebox_results_20260614_172707/blackbox/men51_headshot_local_from_whitebox_g6p12/cand_036_g03_m12/flow.png",
    "report": "/workspace/output/geo_whitebox_results_20260614_172707/blackbox/men51_headshot_local_from_whitebox_g6p12/cand_036_g03_m12/report.json"
  }
}