{
  "iteration": 6,
  "label": "restart_0_random_5",
  "loss": 136.54716037967322,
  "loss_components": {
    "input_psnr_penalty": 170.38378790710007,
    "input_ssim_penalty": 0.34027605948192624,
    "pre_identity_penalty": 0.0,
    "post_identity_reward": -31.869162630702412,
    "output_vae_distance_reward": -1.3768582478786906,
    "output_pixel_l2_reward": -0.2147665630364008,
    "output_ssim_drop_reward": -0.7606246707674701,
    "parameter_regularization_penalty": 0.04450852547616883
  },
  "metrics": {
    "input_stealth": {
      "psnr": 19.463781056190488,
      "ssim": 0.7334986604963852
    },
    "output_disruption": {
      "pixel_l2": 0.1073832815182004,
      "ssim": 0.74645844307751,
      "ssim_drop": 0.25354155692249003
    },
    "identity": {
      "pre": {
        "models": {
          "SFace": {
            "enabled": true,
            "ok": true,
            "source": "direct_embedding",
            "similarity_percent": 95.20541573613428,
            "distance_percent": 4.7945842638657155,
            "raw_distance": 0.09589168527731418,
            "threshold": null,
            "embedding_l2": 0.3107910008185967
          },
          "OpenFace": {
            "enabled": false,
            "skipped": true
          },
          "Facenet": {
            "enabled": false,
            "skipped": true
          },
          "Facenet512": {
            "enabled": true,
            "ok": true,
            "source": "direct_embedding",
            "similarity_percent": 90.07118999789203,
            "distance_percent": 9.928810002107966,
            "raw_distance": 0.19857620004215948,
            "threshold": null,
            "embedding_l2": 0.5955112139124518
          }
        },
        "mean_similarity_percent": 92.63830286701315,
        "mean_distance_percent": 7.361697132986841,
        "ok_model_count": 2
      },
      "post": {
        "models": {
          "SFace": {
            "enabled": true,
            "ok": true,
            "source": "direct_embedding",
            "similarity_percent": 95.96762546579318,
            "distance_percent": 4.032374534206824,
            "raw_distance": 0.08064749068413646,
            "threshold": null,
            "embedding_l2": 0.2798880869543763
          },
          "OpenFace": {
            "enabled": false,
            "skipped": true
          },
          "Facenet": {
            "enabled": false,
            "skipped": true
          },
          "Facenet512": {
            "enabled": true,
            "ok": true,
            "source": "direct_embedding",
            "similarity_percent": 91.28470948192586,
            "distance_percent": 8.715290518074141,
            "raw_distance": 0.17430581036148285,
            "threshold": null,
            "embedding_l2": 0.5542735480638018
          }
        },
        "mean_similarity_percent": 93.62616747385951,
        "mean_distance_percent": 6.3738325261404825,
        "ok_model_count": 2
      }
    },
    "vae_latent": {
      "output": {
        "l2": 1.3768582478786906,
        "cosine_distance": 0.3570920100874694
      }
    },
    "flux_transformer": {
      "enabled": false,
      "available": false,
      "loss_contribution": null
    }
  },
  "parameters": {
    "homography": {
      "strength": 0.01241462057140267
    },
    "thin-plate-spline": {
      "strength": 0.005260776160328406,
      "grid": 8
    },
    "delaunay": {
      "strength": 0.008917830026723087,
      "grid": 9
    },
    "fft-phase": {
      "strength": 1.6725754009578906,
      "coefficients": 15
    },
    "elastic": {
      "strength": 0.0025127708710477674,
      "sigma": 9.163730880844222
    },
    "rolling-shutter": {
      "strength": 0.009985031021960097,
      "rolling_frequency": 0.8690169667053491,
      "rolling_shear": 0.007974132202273509,
      "rolling_acceleration": -0.028096433909844933
    }
  },
  "normalized_parameters": [
    0.6897011428557039,
    0.876796026721401,
    0.667621231834551,
    0.743152502226924,
    0.5733448542897569,
    0.8362877004789453,
    0.8758820218485535,
    0.20939757258731395,
    0.22598077720315868,
    0.8320859184966748,
    0.14760678668213967,
    0.13290220337122516,
    0.09862237271650098
  ],
  "perturbations": [
    {
      "method": "homography",
      "enabled": true,
      "strength": 0.01241462057140267,
      "seed": 7010
    },
    {
      "method": "thin-plate-spline",
      "enabled": true,
      "strength": 0.005260776160328406,
      "seed": 7011,
      "grid": 8
    },
    {
      "method": "delaunay",
      "enabled": true,
      "strength": 0.008917830026723087,
      "seed": 7012,
      "grid": 9
    },
    {
      "method": "fft-phase",
      "enabled": true,
      "strength": 1.6725754009578906,
      "seed": 7013,
      "coefficients": 15
    },
    {
      "method": "elastic",
      "enabled": true,
      "strength": 0.0025127708710477674,
      "seed": 7014,
      "sigma": 9.163730880844222
    },
    {
      "method": "rolling-shutter",
      "enabled": true,
      "strength": 0.009985031021960097,
      "seed": 7015,
      "rolling_frequency": 0.8690169667053491,
      "rolling_phase": 0.0,
      "rolling_shear": 0.007974132202273509,
      "rolling_acceleration": -0.028096433909844933
    }
  ],
  "diffusion": {
    "cpu": false,
    "device": "auto",
    "gpu_index": 0,
    "selected_model": "flux2_klein",
    "selected_model_id": "black-forest-labs/FLUX.2-klein-4B",
    "model_id": "black-forest-labs/FLUX.2-klein-4B",
    "num_inference_steps": 4,
    "guidance_scale": 1.0,
    "image_guidance_scale": 1.0,
    "max_size": 768,
    "seed": 7004,
    "instruct_pix2pix": {
      "enabled": false,
      "model_id": "timbrooks/instruct-pix2pix",
      "num_inference_steps": 20,
      "guidance_scale": 7.5,
      "image_guidance_scale": 1.0,
      "max_size": 768,
      "seed": 7004
    },
    "flux2_klein": {
      "enabled": true,
      "model_id": "black-forest-labs/FLUX.2-klein-4B",
      "num_inference_steps": 4,
      "guidance_scale": 1.0,
      "max_size": 768,
      "height": null,
      "width": null,
      "max_sequence_length": 512,
      "text_encoder_out_layers": [
        9,
        18,
        27
      ],
      "torch_dtype": "bfloat16",
      "cpu_offload": false,
      "sigmas": null,
      "seed": 7004
    },
    "used_model": "flux2_klein",
    "used_model_id": "black-forest-labs/FLUX.2-klein-4B",
    "resolved_device": "cuda:0"
  },
  "embedding_backends": {
    "identity": {
      "models": {
        "SFace": true,
        "OpenFace": false,
        "Facenet": false,
        "Facenet512": true
      },
      "detector_backend": "skip",
      "direct_embedding": true,
      "fallback": "verify_distance"
    },
    "output_vae": {
      "ok": true,
      "source": "diffusion_pipeline_vae",
      "device": "cuda:0",
      "selected_model": "flux2_klein"
    }
  },
  "errors": {},
  "outputs": {
    "perturbed": "/workspace/output/mentor_results_20260614_092647/search/pass2/04_men11_hair_relaxed/embedding_loss_run_20260614_095941/iterations/iter_000006/perturbed.png",
    "perturbed_diffused": "/workspace/output/mentor_results_20260614_092647/search/pass2/04_men11_hair_relaxed/embedding_loss_run_20260614_095941/iterations/iter_000006/perturbed_diffused.png",
    "metrics": "/workspace/output/mentor_results_20260614_092647/search/pass2/04_men11_hair_relaxed/embedding_loss_run_20260614_095941/iterations/iter_000006/metrics.json"
  },
  "elapsed_seconds": 1.5993688541930169
}