{
  "config": {
    "input": "/workspace/gender_dataset/men/74.jpg",
    "prompt": "make the person smile",
    "output_dir": "/workspace/output/geo_whitebox_results_20260614_172707/blackbox/men74_smile_mouth_g8p12",
    "seed": 7701,
    "max_size": 512,
    "diffusion_steps": 4,
    "guidance_scale": 1.0,
    "max_sequence_length": 512,
    "text_encoder_out_layers": [
      9,
      18,
      27
    ],
    "torch_dtype": "bfloat16",
    "methods": [
      "tps",
      "piecewise",
      "dct",
      "grid",
      "rolling"
    ],
    "objective": "final_edit_blackbox",
    "attack_iters": 0,
    "lr": 0.08,
    "max_disp_px": 2.0,
    "init_scale_px": 0.0,
    "grid_size": 6,
    "dct_size": 4,
    "rbf_size": 5,
    "rbf_sigma": 0.55,
    "tps_size": 5,
    "piecewise_size": 5,
    "padding_mode": "reflection",
    "face_mask": "mouth",
    "face_center_x": 0.525,
    "face_center_y": 0.41046875,
    "face_radius_x": 0.33599999999999997,
    "face_radius_y": 0.3075,
    "use_gates": true,
    "gate_init": 2.0,
    "lambda_visual": 30.0,
    "lambda_disp": 0.1,
    "lambda_smooth": 0.2,
    "lambda_fold": 5.0,
    "lambda_method_l1": 0.02,
    "lambda_gate_l1": 0.01,
    "hybrid_vae_weight": 0.2,
    "feature_layers": [
      0,
      4,
      8
    ],
    "feature_source": "blocks",
    "objective_timestep": 0,
    "objective_timesteps": [
      0
    ],
    "edge_falloff_px": 16.0,
    "save_theta": true
  },
  "projected_parameters_finite": true,
  "metrics": {
    "input": {
      "psnr": 45.74614337259306,
      "ssim": 0.9959730546208814,
      "l2": 0.0051605124645486,
      "mean_abs": 0.0013186786090955138,
      "max_abs": 0.2078431397676468
    },
    "output": {
      "psnr": 46.888132958729244,
      "ssim": 0.9960734003789287,
      "l2": 0.004524737115886184,
      "mean_abs": 0.0017867774004116654,
      "max_abs": 0.1254901885986328
    },
    "clean_edit": {
      "psnr": 25.388044532960432,
      "ssim": 0.9410846748368386,
      "l2": 0.05377714887769222,
      "mean_abs": 0.044717803597450256,
      "max_abs": 0.7372549176216125
    },
    "perturbed_edit": {
      "psnr": 25.548239160899634,
      "ssim": 0.9429607901899254,
      "l2": 0.05279442229476811,
      "mean_abs": 0.04389846324920654,
      "max_abs": 0.7098039388656616
    },
    "displacement": {
      "max_dx_px": 0.6703135371208191,
      "max_dy_px": 0.831244707107544,
      "max_magnitude_px": 0.9687302112579346,
      "mean_magnitude_px": 0.10379436612129211,
      "p95_magnitude_px": 0.5964460968971252
    },
    "score_terms": {
      "prompt_failure": 0.000982726582924108,
      "output_diverge": 0.03833008406371627,
      "stealth_penalty": 0.0
    }
  },
  "score": 0.0422609903954127,
  "valid": true,
  "method_displacement": {
    "rolling": {
      "max_dx_px": 0.23200193047523499,
      "max_dy_px": 0.0,
      "max_magnitude_px": 0.23200193047523499,
      "mean_magnitude_px": 0.026195595040917397,
      "p95_magnitude_px": 0.17358040809631348
    },
    "grid": {
      "max_dx_px": 0.47460052371025085,
      "max_dy_px": 0.25484439730644226,
      "max_magnitude_px": 0.4746568202972412,
      "mean_magnitude_px": 0.03897529095411301,
      "p95_magnitude_px": 0.27863702178001404
    },
    "dct": {
      "max_dx_px": 0.7332723140716553,
      "max_dy_px": 0.7489661574363708,
      "max_magnitude_px": 0.9262185096740723,
      "mean_magnitude_px": 0.11224197596311569,
      "p95_magnitude_px": 0.6755879521369934
    },
    "tps": {
      "max_dx_px": 0.1788497120141983,
      "max_dy_px": 0.19761276245117188,
      "max_magnitude_px": 0.24042576551437378,
      "mean_magnitude_px": 0.021533874794840813,
      "p95_magnitude_px": 0.1296404004096985
    },
    "piecewise": {
      "max_dx_px": 0.16739016771316528,
      "max_dy_px": 0.17500852048397064,
      "max_magnitude_px": 0.19720835983753204,
      "mean_magnitude_px": 0.020115239545702934,
      "p95_magnitude_px": 0.1280945986509323
    }
  },
  "gate_values": {
    "tps": 0.8900163769721985,
    "piecewise": 0.8871774673461914,
    "dct": 0.8499387502670288,
    "grid": 0.8872092962265015,
    "rolling": 0.8591488003730774
  },
  "outputs": {
    "original": "/workspace/output/geo_whitebox_results_20260614_172707/blackbox/men74_smile_mouth_g8p12/cand_033_g03_m09/original.png",
    "perturbed": "/workspace/output/geo_whitebox_results_20260614_172707/blackbox/men74_smile_mouth_g8p12/cand_033_g03_m09/perturbed.png",
    "original_diffused": "/workspace/output/geo_whitebox_results_20260614_172707/blackbox/men74_smile_mouth_g8p12/cand_033_g03_m09/original_diffused.png",
    "perturbed_diffused": "/workspace/output/geo_whitebox_results_20260614_172707/blackbox/men74_smile_mouth_g8p12/cand_033_g03_m09/perturbed_diffused.png",
    "flow": "/workspace/output/geo_whitebox_results_20260614_172707/blackbox/men74_smile_mouth_g8p12/cand_033_g03_m09/flow.png",
    "report": "/workspace/output/geo_whitebox_results_20260614_172707/blackbox/men74_smile_mouth_g8p12/cand_033_g03_m09/report.json"
  }
}