{
  "config": {
    "input": "/workspace/gender_dataset/men/74.jpg",
    "prompt": "make the person smile",
    "output_dir": "/workspace/output/geo_whitebox_results_20260614_172707/blackbox/men74_smile_mouth_g8p12",
    "seed": 7701,
    "max_size": 512,
    "diffusion_steps": 4,
    "guidance_scale": 1.0,
    "max_sequence_length": 512,
    "text_encoder_out_layers": [
      9,
      18,
      27
    ],
    "torch_dtype": "bfloat16",
    "methods": [
      "tps",
      "piecewise",
      "dct",
      "grid",
      "rolling"
    ],
    "objective": "final_edit_blackbox",
    "attack_iters": 0,
    "lr": 0.08,
    "max_disp_px": 2.0,
    "init_scale_px": 0.0,
    "grid_size": 6,
    "dct_size": 4,
    "rbf_size": 5,
    "rbf_sigma": 0.55,
    "tps_size": 5,
    "piecewise_size": 5,
    "padding_mode": "reflection",
    "face_mask": "mouth",
    "face_center_x": 0.525,
    "face_center_y": 0.41046875,
    "face_radius_x": 0.33599999999999997,
    "face_radius_y": 0.3075,
    "use_gates": true,
    "gate_init": 2.0,
    "lambda_visual": 30.0,
    "lambda_disp": 0.1,
    "lambda_smooth": 0.2,
    "lambda_fold": 5.0,
    "lambda_method_l1": 0.02,
    "lambda_gate_l1": 0.01,
    "hybrid_vae_weight": 0.2,
    "feature_layers": [
      0,
      4,
      8
    ],
    "feature_source": "blocks",
    "objective_timestep": 0,
    "objective_timesteps": [
      0
    ],
    "edge_falloff_px": 16.0,
    "save_theta": true
  },
  "projected_parameters_finite": true,
  "metrics": {
    "input": {
      "psnr": 39.68610480862061,
      "ssim": 0.9850814046346482,
      "l2": 0.010367994534051576,
      "mean_abs": 0.002750191604718566,
      "max_abs": 0.3176470696926117
    },
    "output": {
      "psnr": 42.19740224762944,
      "ssim": 0.990992826306116,
      "l2": 0.007764793092359909,
      "mean_abs": 0.002594203222543001,
      "max_abs": 0.22352942824363708
    },
    "clean_edit": {
      "psnr": 25.388044532960432,
      "ssim": 0.9410846748368386,
      "l2": 0.05377714887769222,
      "mean_abs": 0.044717803597450256,
      "max_abs": 0.7372549176216125
    },
    "perturbed_edit": {
      "psnr": 25.555910110557733,
      "ssim": 0.9452790518671561,
      "l2": 0.05274781744546856,
      "mean_abs": 0.044161777943372726,
      "max_abs": 0.7058823704719543
    },
    "displacement": {
      "max_dx_px": 1.3093138933181763,
      "max_dy_px": 1.420765995979309,
      "max_magnitude_px": 1.7235842943191528,
      "mean_magnitude_px": 0.21036386489868164,
      "p95_magnitude_px": 1.2710199356079102
    },
    "score_terms": {
      "prompt_failure": 0.001029331432223661,
      "output_diverge": 0.07485266023733571,
      "stealth_penalty": 0.0
    }
  },
  "score": 0.07896998596623035,
  "valid": true,
  "method_displacement": {
    "rolling": {
      "max_dx_px": 0.11343000084161758,
      "max_dy_px": 0.0,
      "max_magnitude_px": 0.11343000084161758,
      "mean_magnitude_px": 0.006429257802665234,
      "p95_magnitude_px": 0.04610781744122505
    },
    "grid": {
      "max_dx_px": 0.24740758538246155,
      "max_dy_px": 0.3339328467845917,
      "max_magnitude_px": 0.3735368549823761,
      "mean_magnitude_px": 0.03652585297822952,
      "p95_magnitude_px": 0.22766858339309692
    },
    "dct": {
      "max_dx_px": 1.11338472366333,
      "max_dy_px": 1.0467464923858643,
      "max_magnitude_px": 1.4089064598083496,
      "mean_magnitude_px": 0.16352444887161255,
      "p95_magnitude_px": 1.032647728919983
    },
    "tps": {
      "max_dx_px": 0.26586663722991943,
      "max_dy_px": 0.3087228536605835,
      "max_magnitude_px": 0.33598604798316956,
      "mean_magnitude_px": 0.03720440715551376,
      "p95_magnitude_px": 0.22011522948741913
    },
    "piecewise": {
      "max_dx_px": 0.17614611983299255,
      "max_dy_px": 0.11468970775604248,
      "max_magnitude_px": 0.1941169947385788,
      "mean_magnitude_px": 0.01982872560620308,
      "p95_magnitude_px": 0.12181220203638077
    }
  },
  "gate_values": {
    "tps": 0.8798077702522278,
    "piecewise": 0.863804817199707,
    "dct": 0.8251015543937683,
    "grid": 0.8969990015029907,
    "rolling": 0.8618596196174622
  },
  "outputs": {
    "original": "/workspace/output/geo_whitebox_results_20260614_172707/blackbox/men74_smile_mouth_g8p12/cand_053_g05_m05/original.png",
    "perturbed": "/workspace/output/geo_whitebox_results_20260614_172707/blackbox/men74_smile_mouth_g8p12/cand_053_g05_m05/perturbed.png",
    "original_diffused": "/workspace/output/geo_whitebox_results_20260614_172707/blackbox/men74_smile_mouth_g8p12/cand_053_g05_m05/original_diffused.png",
    "perturbed_diffused": "/workspace/output/geo_whitebox_results_20260614_172707/blackbox/men74_smile_mouth_g8p12/cand_053_g05_m05/perturbed_diffused.png",
    "flow": "/workspace/output/geo_whitebox_results_20260614_172707/blackbox/men74_smile_mouth_g8p12/cand_053_g05_m05/flow.png",
    "report": "/workspace/output/geo_whitebox_results_20260614_172707/blackbox/men74_smile_mouth_g8p12/cand_053_g05_m05/report.json"
  }
}