{
  "config": {
    "input": "/workspace/gender_dataset/men/74.jpg",
    "prompt": "make the person smile",
    "output_dir": "/workspace/output/geo_whitebox_results_20260614_172707/blackbox/men74_smile_mouth_g8p12",
    "seed": 7701,
    "max_size": 512,
    "diffusion_steps": 4,
    "guidance_scale": 1.0,
    "max_sequence_length": 512,
    "text_encoder_out_layers": [
      9,
      18,
      27
    ],
    "torch_dtype": "bfloat16",
    "methods": [
      "tps",
      "piecewise",
      "dct",
      "grid",
      "rolling"
    ],
    "objective": "final_edit_blackbox",
    "attack_iters": 0,
    "lr": 0.08,
    "max_disp_px": 2.0,
    "init_scale_px": 0.0,
    "grid_size": 6,
    "dct_size": 4,
    "rbf_size": 5,
    "rbf_sigma": 0.55,
    "tps_size": 5,
    "piecewise_size": 5,
    "padding_mode": "reflection",
    "face_mask": "mouth",
    "face_center_x": 0.525,
    "face_center_y": 0.41046875,
    "face_radius_x": 0.33599999999999997,
    "face_radius_y": 0.3075,
    "use_gates": true,
    "gate_init": 2.0,
    "lambda_visual": 30.0,
    "lambda_disp": 0.1,
    "lambda_smooth": 0.2,
    "lambda_fold": 5.0,
    "lambda_method_l1": 0.02,
    "lambda_gate_l1": 0.01,
    "hybrid_vae_weight": 0.2,
    "feature_layers": [
      0,
      4,
      8
    ],
    "feature_source": "blocks",
    "objective_timestep": 0,
    "objective_timesteps": [
      0
    ],
    "edge_falloff_px": 16.0,
    "save_theta": true
  },
  "projected_parameters_finite": true,
  "metrics": {
    "input": {
      "psnr": 40.31825699732363,
      "ssim": 0.9868833660677643,
      "l2": 0.009640224551788222,
      "mean_abs": 0.002505087060853839,
      "max_abs": 0.28235292434692383
    },
    "output": {
      "psnr": 42.01795948685758,
      "ssim": 0.9911408769453122,
      "l2": 0.007926875289483772,
      "mean_abs": 0.0025054062716662884,
      "max_abs": 0.20784315466880798
    },
    "clean_edit": {
      "psnr": 25.388044532960432,
      "ssim": 0.9410846748368386,
      "l2": 0.05377714887769222,
      "mean_abs": 0.044717803597450256,
      "max_abs": 0.7372549176216125
    },
    "perturbed_edit": {
      "psnr": 25.55251086829739,
      "ssim": 0.9454809173411737,
      "l2": 0.05276846446120208,
      "mean_abs": 0.04423365369439125,
      "max_abs": 0.7176470756530762
    },
    "displacement": {
      "max_dx_px": 1.3179030418395996,
      "max_dy_px": 1.3291995525360107,
      "max_magnitude_px": 1.676439881324768,
      "mean_magnitude_px": 0.19390398263931274,
      "p95_magnitude_px": 1.1554499864578247
    },
    "score_terms": {
      "prompt_failure": 0.0010086844164901437,
      "output_diverge": 0.07507086866617019,
      "stealth_penalty": 0.0
    }
  },
  "score": 0.07910560633213076,
  "valid": true,
  "method_displacement": {
    "rolling": {
      "max_dx_px": 0.05856715515255928,
      "max_dy_px": 0.0,
      "max_magnitude_px": 0.05856715515255928,
      "mean_magnitude_px": 0.0033347841817885637,
      "p95_magnitude_px": 0.023304207250475883
    },
    "grid": {
      "max_dx_px": 0.25010815262794495,
      "max_dy_px": 0.20915277302265167,
      "max_magnitude_px": 0.3241405785083771,
      "mean_magnitude_px": 0.02579522132873535,
      "p95_magnitude_px": 0.15154267847537994
    },
    "dct": {
      "max_dx_px": 1.2005318403244019,
      "max_dy_px": 1.0878922939300537,
      "max_magnitude_px": 1.3766789436340332,
      "mean_magnitude_px": 0.17189863324165344,
      "p95_magnitude_px": 1.0712766647338867
    },
    "tps": {
      "max_dx_px": 0.2078908532857895,
      "max_dy_px": 0.4138241708278656,
      "max_magnitude_px": 0.462647408246994,
      "mean_magnitude_px": 0.039407793432474136,
      "p95_magnitude_px": 0.25191035866737366
    },
    "piecewise": {
      "max_dx_px": 0.15198776125907898,
      "max_dy_px": 0.11383473873138428,
      "max_magnitude_px": 0.15466009080410004,
      "mean_magnitude_px": 0.01538738515228033,
      "p95_magnitude_px": 0.0962027758359909
    }
  },
  "gate_values": {
    "tps": 0.884614109992981,
    "piecewise": 0.8671695590019226,
    "dct": 0.8161043524742126,
    "grid": 0.9014551639556885,
    "rolling": 0.8557321429252625
  },
  "outputs": {
    "original": "/workspace/output/geo_whitebox_results_20260614_172707/blackbox/men74_smile_mouth_g8p12/cand_056_g05_m08/original.png",
    "perturbed": "/workspace/output/geo_whitebox_results_20260614_172707/blackbox/men74_smile_mouth_g8p12/cand_056_g05_m08/perturbed.png",
    "original_diffused": "/workspace/output/geo_whitebox_results_20260614_172707/blackbox/men74_smile_mouth_g8p12/cand_056_g05_m08/original_diffused.png",
    "perturbed_diffused": "/workspace/output/geo_whitebox_results_20260614_172707/blackbox/men74_smile_mouth_g8p12/cand_056_g05_m08/perturbed_diffused.png",
    "flow": "/workspace/output/geo_whitebox_results_20260614_172707/blackbox/men74_smile_mouth_g8p12/cand_056_g05_m08/flow.png",
    "report": "/workspace/output/geo_whitebox_results_20260614_172707/blackbox/men74_smile_mouth_g8p12/cand_056_g05_m08/report.json"
  }
}