{
  "iteration": 5,
  "label": "restart_0_random_4",
  "loss": 272.421296794897,
  "loss_components": {
    "input_psnr_penalty": 318.8972130655713,
    "input_ssim_penalty": 0.6292620736965527,
    "pre_identity_penalty": 0.25417796345149524,
    "post_identity_reward": -45.05443651439361,
    "output_vae_distance_reward": -1.2270829793484703,
    "output_pixel_l2_reward": -0.2834337535978446,
    "output_ssim_drop_reward": -0.8323974544900464,
    "parameter_regularization_penalty": 0.03799439400760895
  },
  "metrics": {
    "input_stealth": {
      "psnr": 16.689855916532636,
      "ssim": 0.6951711269927444
    },
    "output_disruption": {
      "pixel_l2": 0.1417168767989223,
      "ssim": 0.7225341818366512,
      "ssim_drop": 0.2774658181633488
    },
    "identity": {
      "pre": {
        "models": {
          "SFace": {
            "enabled": true,
            "ok": true,
            "source": "direct_embedding",
            "similarity_percent": 95.46580088064404,
            "distance_percent": 4.534199119355961,
            "raw_distance": 0.09068398238711928,
            "threshold": null,
            "embedding_l2": 0.30503341314571564
          },
          "OpenFace": {
            "enabled": false,
            "skipped": true
          },
          "Facenet": {
            "enabled": false,
            "skipped": true
          },
          "Facenet512": {
            "enabled": true,
            "ok": true,
            "source": "direct_embedding",
            "similarity_percent": 84.03003846693305,
            "distance_percent": 15.96996153306695,
            "raw_distance": 0.31939923066133913,
            "threshold": null,
            "embedding_l2": 0.7157513678093335
          }
        },
        "mean_similarity_percent": 89.74791967378854,
        "mean_distance_percent": 10.252080326211455,
        "ok_model_count": 2
      },
      "post": {
        "models": {
          "SFace": {
            "enabled": true,
            "ok": true,
            "source": "direct_embedding",
            "similarity_percent": 95.59318784364994,
            "distance_percent": 4.406812156350057,
            "raw_distance": 0.08813624312700108,
            "threshold": null,
            "embedding_l2": 0.2912645701616098
          },
          "OpenFace": {
            "enabled": false,
            "skipped": true
          },
          "Facenet": {
            "enabled": false,
            "skipped": true
          },
          "Facenet512": {
            "enabled": true,
            "ok": true,
            "source": "direct_embedding",
            "similarity_percent": 86.38503755059261,
            "distance_percent": 13.614962449407386,
            "raw_distance": 0.2722992489881476,
            "threshold": null,
            "embedding_l2": 0.6531637992104621
          }
        },
        "mean_similarity_percent": 90.98911269712127,
        "mean_distance_percent": 9.010887302878722,
        "ok_model_count": 2
      }
    },
    "vae_latent": {
      "output": {
        "l2": 1.2270829793484703,
        "cosine_distance": 0.3026083272245511
      }
    },
    "flux_transformer": {
      "enabled": false,
      "available": false,
      "loss_contribution": null
    }
  },
  "parameters": {
    "homography": {
      "strength": 0.012199930008484496
    },
    "thin-plate-spline": {
      "strength": 0.005146023280275183,
      "grid": 7
    },
    "delaunay": {
      "strength": 0.010678129411934726,
      "grid": 9
    },
    "fft-phase": {
      "strength": 0.3099936157460701,
      "coefficients": 13
    },
    "elastic": {
      "strength": 0.008813976024130733,
      "sigma": 11.939188446817553
    },
    "rolling-shutter": {
      "strength": 0.0016569560194541735,
      "rolling_frequency": 1.806498039296302,
      "rolling_shear": 0.054127412307235015,
      "rolling_acceleration": 0.011567082398994288
    }
  },
  "normalized_parameters": [
    0.6777738893602498,
    0.8576705467125304,
    0.4878483685955578,
    0.8898441176612271,
    0.5555540192990746,
    0.15499680787303505,
    0.7431819493292717,
    0.7344980020108944,
    0.4242277462012538,
    0.1380796682878478,
    0.5225992157185207,
    0.9021235384539169,
    0.6652440342713469
  ],
  "perturbations": [
    {
      "method": "homography",
      "enabled": true,
      "strength": 0.012199930008484496,
      "seed": 7009
    },
    {
      "method": "thin-plate-spline",
      "enabled": true,
      "strength": 0.005146023280275183,
      "seed": 7010,
      "grid": 7
    },
    {
      "method": "delaunay",
      "enabled": true,
      "strength": 0.010678129411934726,
      "seed": 7011,
      "grid": 9
    },
    {
      "method": "fft-phase",
      "enabled": true,
      "strength": 0.3099936157460701,
      "seed": 7012,
      "coefficients": 13
    },
    {
      "method": "elastic",
      "enabled": true,
      "strength": 0.008813976024130733,
      "seed": 7013,
      "sigma": 11.939188446817553
    },
    {
      "method": "rolling-shutter",
      "enabled": true,
      "strength": 0.0016569560194541735,
      "seed": 7014,
      "rolling_frequency": 1.806498039296302,
      "rolling_phase": 0.0,
      "rolling_shear": 0.054127412307235015,
      "rolling_acceleration": 0.011567082398994288
    }
  ],
  "diffusion": {
    "cpu": false,
    "device": "auto",
    "gpu_index": 0,
    "selected_model": "flux2_klein",
    "selected_model_id": "black-forest-labs/FLUX.2-klein-4B",
    "model_id": "black-forest-labs/FLUX.2-klein-4B",
    "num_inference_steps": 4,
    "guidance_scale": 1.0,
    "image_guidance_scale": 1.0,
    "max_size": 768,
    "seed": 7004,
    "instruct_pix2pix": {
      "enabled": false,
      "model_id": "timbrooks/instruct-pix2pix",
      "num_inference_steps": 20,
      "guidance_scale": 7.5,
      "image_guidance_scale": 1.0,
      "max_size": 768,
      "seed": 7004
    },
    "flux2_klein": {
      "enabled": true,
      "model_id": "black-forest-labs/FLUX.2-klein-4B",
      "num_inference_steps": 4,
      "guidance_scale": 1.0,
      "max_size": 768,
      "height": null,
      "width": null,
      "max_sequence_length": 512,
      "text_encoder_out_layers": [
        9,
        18,
        27
      ],
      "torch_dtype": "bfloat16",
      "cpu_offload": false,
      "sigmas": null,
      "seed": 7004
    },
    "used_model": "flux2_klein",
    "used_model_id": "black-forest-labs/FLUX.2-klein-4B",
    "resolved_device": "cuda:0"
  },
  "embedding_backends": {
    "identity": {
      "models": {
        "SFace": true,
        "OpenFace": false,
        "Facenet": false,
        "Facenet512": true
      },
      "detector_backend": "skip",
      "direct_embedding": true,
      "fallback": "verify_distance"
    },
    "output_vae": {
      "ok": true,
      "source": "diffusion_pipeline_vae",
      "device": "cuda:0",
      "selected_model": "flux2_klein"
    }
  },
  "errors": {},
  "outputs": {
    "perturbed": "/workspace/output/mentor_results_20260614_092647/search/pass2/04_men11_hair_relaxed/embedding_loss_run_20260614_095941/iterations/iter_000005/perturbed.png",
    "perturbed_diffused": "/workspace/output/mentor_results_20260614_092647/search/pass2/04_men11_hair_relaxed/embedding_loss_run_20260614_095941/iterations/iter_000005/perturbed_diffused.png",
    "metrics": "/workspace/output/mentor_results_20260614_092647/search/pass2/04_men11_hair_relaxed/embedding_loss_run_20260614_095941/iterations/iter_000005/metrics.json"
  },
  "elapsed_seconds": 1.5758960989769548
}