{
  "config": {
    "input": "/workspace/gender_dataset/men/51.jpg",
    "prompt": "turn the image into a professional headshot",
    "output_dir": "/workspace/output/geo_whitebox_results_20260614_172707/blackbox/men51_headshot_local_seed5203_g6p12",
    "seed": 5203,
    "max_size": 512,
    "diffusion_steps": 4,
    "guidance_scale": 1.0,
    "max_sequence_length": 512,
    "text_encoder_out_layers": [
      9,
      18,
      27
    ],
    "torch_dtype": "bfloat16",
    "methods": [
      "tps",
      "piecewise",
      "dct",
      "rolling"
    ],
    "objective": "final_edit_blackbox",
    "attack_iters": 0,
    "lr": 0.08,
    "max_disp_px": 2.5,
    "init_scale_px": 0.0,
    "grid_size": 6,
    "dct_size": 4,
    "rbf_size": 5,
    "rbf_sigma": 0.55,
    "tps_size": 5,
    "piecewise_size": 5,
    "padding_mode": "reflection",
    "face_mask": "face",
    "face_center_x": 0.4208984375,
    "face_center_y": 0.2930952380952381,
    "face_radius_x": 0.22,
    "face_radius_y": 0.3,
    "use_gates": true,
    "gate_init": 2.0,
    "lambda_visual": 30.0,
    "lambda_disp": 0.1,
    "lambda_smooth": 0.2,
    "lambda_fold": 5.0,
    "lambda_method_l1": 0.02,
    "lambda_gate_l1": 0.01,
    "hybrid_vae_weight": 0.2,
    "feature_layers": [
      0,
      4,
      8
    ],
    "feature_source": "blocks",
    "objective_timestep": 0,
    "objective_timesteps": [
      0
    ],
    "edge_falloff_px": 16.0,
    "save_theta": true
  },
  "projected_parameters_finite": true,
  "metrics": {
    "input": {
      "psnr": 42.09284616835218,
      "ssim": 0.9951255471480089,
      "l2": 0.007858826330995184,
      "mean_abs": 0.001646334771066904,
      "max_abs": 0.3333333432674408
    },
    "output": {
      "psnr": 20.980701905296826,
      "ssim": 0.9433435880749658,
      "l2": 0.08932332987824149,
      "mean_abs": 0.02304862253367901,
      "max_abs": 0.8901960849761963
    },
    "clean_edit": {
      "psnr": 13.513728419151365,
      "ssim": 0.585137327901636,
      "l2": 0.21101512187176083,
      "mean_abs": 0.16538751125335693,
      "max_abs": 0.9411764740943909
    },
    "perturbed_edit": {
      "psnr": 13.902821435098904,
      "ssim": 0.5897766179500064,
      "l2": 0.2017710844772606,
      "mean_abs": 0.15872153639793396,
      "max_abs": 0.95686274766922
    },
    "displacement": {
      "max_dx_px": 0.4257556200027466,
      "max_dy_px": 0.583990216255188,
      "max_magnitude_px": 0.655670166015625,
      "mean_magnitude_px": 0.07140399515628815,
      "p95_magnitude_px": 0.4929434657096863
    },
    "score_terms": {
      "prompt_failure": 0.00924403739450022,
      "output_diverge": 0.6732422970913443,
      "stealth_penalty": 0.0
    }
  },
  "score": 0.7102184466693452,
  "valid": true,
  "method_displacement": {
    "rolling": {
      "max_dx_px": 0.09772846847772598,
      "max_dy_px": 0.0,
      "max_magnitude_px": 0.09772846847772598,
      "mean_magnitude_px": 0.010483126156032085,
      "p95_magnitude_px": 0.0696759968996048
    },
    "dct": {
      "max_dx_px": 0.419809490442276,
      "max_dy_px": 0.6282274127006531,
      "max_magnitude_px": 0.6744776368141174,
      "mean_magnitude_px": 0.08035816252231598,
      "p95_magnitude_px": 0.5364461541175842
    },
    "tps": {
      "max_dx_px": 0.17000140249729156,
      "max_dy_px": 0.10649498552083969,
      "max_magnitude_px": 0.17510011792182922,
      "mean_magnitude_px": 0.020180078223347664,
      "p95_magnitude_px": 0.13666319847106934
    },
    "piecewise": {
      "max_dx_px": 0.10878220945596695,
      "max_dy_px": 0.1356443613767624,
      "max_magnitude_px": 0.14162589609622955,
      "mean_magnitude_px": 0.01146461721509695,
      "p95_magnitude_px": 0.0690106451511383
    }
  },
  "gate_values": {
    "tps": 0.4722515344619751,
    "piecewise": 0.44948598742485046,
    "dct": 0.5032256245613098,
    "rolling": 0.541156530380249
  },
  "outputs": {
    "original": "/workspace/output/geo_whitebox_results_20260614_172707/blackbox/men51_headshot_local_seed5203_g6p12/cand_037_g04_m01/original.png",
    "perturbed": "/workspace/output/geo_whitebox_results_20260614_172707/blackbox/men51_headshot_local_seed5203_g6p12/cand_037_g04_m01/perturbed.png",
    "original_diffused": "/workspace/output/geo_whitebox_results_20260614_172707/blackbox/men51_headshot_local_seed5203_g6p12/cand_037_g04_m01/original_diffused.png",
    "perturbed_diffused": "/workspace/output/geo_whitebox_results_20260614_172707/blackbox/men51_headshot_local_seed5203_g6p12/cand_037_g04_m01/perturbed_diffused.png",
    "flow": "/workspace/output/geo_whitebox_results_20260614_172707/blackbox/men51_headshot_local_seed5203_g6p12/cand_037_g04_m01/flow.png",
    "report": "/workspace/output/geo_whitebox_results_20260614_172707/blackbox/men51_headshot_local_seed5203_g6p12/cand_037_g04_m01/report.json"
  }
}