{
  "iteration": 1,
  "label": "restart_0_initial",
  "loss": -16.728664675716463,
  "loss_components": {
    "input_psnr_penalty": 0.0,
    "input_ssim_penalty": 0.0,
    "pre_identity_penalty": 0.0,
    "post_identity_reward": -15.287832267963779,
    "output_vae_distance_reward": -0.8839617673383255,
    "output_pixel_l2_reward": -0.12193275418381402,
    "output_ssim_drop_reward": -0.4349378862305442,
    "parameter_regularization_penalty": 0.0
  },
  "metrics": {
    "input_stealth": {
      "psnr": 28.377476418494496,
      "ssim": 0.8974727185426198
    },
    "output_disruption": {
      "pixel_l2": 0.040644251394604675,
      "ssim": 0.891265528442364,
      "ssim_drop": 0.10873447155763605
    },
    "identity": {
      "pre": {
        "models": {
          "SFace": {
            "enabled": true,
            "ok": true,
            "source": "direct_embedding",
            "similarity_percent": 98.39611312263894,
            "distance_percent": 1.603886877361063,
            "raw_distance": 0.03207773754722121,
            "threshold": null,
            "embedding_l2": 0.2401729282726953
          },
          "OpenFace": {
            "enabled": false,
            "skipped": true
          },
          "Facenet": {
            "enabled": false,
            "skipped": true
          },
          "Facenet512": {
            "enabled": true,
            "ok": true,
            "source": "direct_embedding",
            "similarity_percent": 99.32960756599,
            "distance_percent": 0.6703924340099974,
            "raw_distance": 0.01340784868019973,
            "threshold": null,
            "embedding_l2": 0.15315384163424706
          }
        },
        "mean_similarity_percent": 98.86286034431447,
        "mean_distance_percent": 1.1371396556855302,
        "ok_model_count": 2
      },
      "post": {
        "models": {
          "SFace": {
            "enabled": true,
            "ok": true,
            "source": "direct_embedding",
            "similarity_percent": 97.86153688790952,
            "distance_percent": 2.138463112090477,
            "raw_distance": 0.042769262241809436,
            "threshold": null,
            "embedding_l2": 0.2718431780859105
          },
          "OpenFace": {
            "enabled": false,
            "skipped": true
          },
          "Facenet": {
            "enabled": false,
            "skipped": true
          },
          "Facenet512": {
            "enabled": true,
            "ok": true,
            "source": "direct_embedding",
            "similarity_percent": 98.31650504509953,
            "distance_percent": 1.6834949549004676,
            "raw_distance": 0.033669899098009326,
            "threshold": null,
            "embedding_l2": 0.2552588480566042
          }
        },
        "mean_similarity_percent": 98.08902096650453,
        "mean_distance_percent": 1.9109790334954724,
        "ok_model_count": 2
      }
    },
    "vae_latent": {
      "output": {
        "l2": 0.8839617673383255,
        "cosine_distance": 0.16332543241216413
      }
    },
    "flux_transformer": {
      "enabled": false,
      "available": false,
      "loss_contribution": null
    }
  },
  "parameters": {
    "homography": {
      "strength": 0.006
    },
    "thin-plate-spline": {
      "strength": 0.0015,
      "grid": 7
    },
    "delaunay": {
      "strength": 0.0035000000000000005,
      "grid": 8
    },
    "fft-phase": {
      "strength": 0.35,
      "coefficients": 8
    },
    "elastic": {
      "strength": 0.0025,
      "sigma": 12.0
    },
    "rolling-shutter": {
      "strength": 0.0025,
      "rolling_frequency": 1.4,
      "rolling_shear": 0.012,
      "rolling_acceleration": 0.0
    }
  },
  "normalized_parameters": [
    0.21428571428571427,
    0.16666666666666669,
    0.4,
    0.19444444444444448,
    0.3333333333333333,
    0.06999999999999999,
    0.2857142857142857,
    0.1388888888888889,
    0.4117647058823529,
    0.1388888888888889,
    0.3,
    0.15,
    0.5
  ],
  "perturbations": [
    {
      "method": "homography",
      "enabled": true,
      "strength": 0.006,
      "seed": 7007
    },
    {
      "method": "thin-plate-spline",
      "enabled": true,
      "strength": 0.0015,
      "seed": 7008,
      "grid": 7
    },
    {
      "method": "delaunay",
      "enabled": true,
      "strength": 0.0035000000000000005,
      "seed": 7009,
      "grid": 8
    },
    {
      "method": "fft-phase",
      "enabled": true,
      "strength": 0.35,
      "seed": 7010,
      "coefficients": 8
    },
    {
      "method": "elastic",
      "enabled": true,
      "strength": 0.0025,
      "seed": 7011,
      "sigma": 12.0
    },
    {
      "method": "rolling-shutter",
      "enabled": true,
      "strength": 0.0025,
      "seed": 7012,
      "rolling_frequency": 1.4,
      "rolling_phase": 0.0,
      "rolling_shear": 0.012,
      "rolling_acceleration": 0.0
    }
  ],
  "diffusion": {
    "cpu": false,
    "device": "auto",
    "gpu_index": 0,
    "selected_model": "flux2_klein",
    "selected_model_id": "black-forest-labs/FLUX.2-klein-4B",
    "model_id": "black-forest-labs/FLUX.2-klein-4B",
    "num_inference_steps": 4,
    "guidance_scale": 1.0,
    "image_guidance_scale": 1.0,
    "max_size": 768,
    "seed": 7006,
    "instruct_pix2pix": {
      "enabled": false,
      "model_id": "timbrooks/instruct-pix2pix",
      "num_inference_steps": 20,
      "guidance_scale": 7.5,
      "image_guidance_scale": 1.0,
      "max_size": 768,
      "seed": 7006
    },
    "flux2_klein": {
      "enabled": true,
      "model_id": "black-forest-labs/FLUX.2-klein-4B",
      "num_inference_steps": 4,
      "guidance_scale": 1.0,
      "max_size": 768,
      "height": null,
      "width": null,
      "max_sequence_length": 512,
      "text_encoder_out_layers": [
        9,
        18,
        27
      ],
      "torch_dtype": "bfloat16",
      "cpu_offload": false,
      "sigmas": null,
      "seed": 7006
    },
    "used_model": "flux2_klein",
    "used_model_id": "black-forest-labs/FLUX.2-klein-4B",
    "resolved_device": "cuda:0"
  },
  "embedding_backends": {
    "identity": {
      "models": {
        "SFace": true,
        "OpenFace": false,
        "Facenet": false,
        "Facenet512": true
      },
      "detector_backend": "skip",
      "direct_embedding": true,
      "fallback": "verify_distance"
    },
    "output_vae": {
      "ok": true,
      "source": "diffusion_pipeline_vae",
      "device": "cuda:0",
      "selected_model": "flux2_klein"
    }
  },
  "errors": {},
  "outputs": {
    "perturbed": "/workspace/output/mentor_results_20260614_092647/search/pass3/06_men32_smile_strong/embedding_loss_run_20260614_101233/iterations/iter_000001/perturbed.png",
    "perturbed_diffused": "/workspace/output/mentor_results_20260614_092647/search/pass3/06_men32_smile_strong/embedding_loss_run_20260614_101233/iterations/iter_000001/perturbed_diffused.png",
    "metrics": "/workspace/output/mentor_results_20260614_092647/search/pass3/06_men32_smile_strong/embedding_loss_run_20260614_101233/iterations/iter_000001/metrics.json"
  },
  "elapsed_seconds": 7.427629321115091
}