{
  "iteration": 6,
  "label": "restart_0_random_5",
  "loss": -45.912955226178994,
  "loss_components": {
    "input_psnr_penalty": 3.190375852759812,
    "input_ssim_penalty": 0.0,
    "pre_identity_penalty": 0.0,
    "post_identity_reward": -46.70992997608221,
    "output_vae_distance_reward": -1.2387312400531176,
    "flux_transformer_feature_reward": -0.00350206514703566,
    "output_pixel_l2_reward": -0.29281420415085235,
    "output_ssim_drop_reward": -0.8901970796089103,
    "parameter_regularization_penalty": 0.031843486103320696
  },
  "metrics": {
    "input_stealth": {
      "psnr": 21.369464338333408,
      "ssim": 0.7827046319208302
    },
    "output_disruption": {
      "pixel_l2": 0.09760473471695078,
      "ssim": 0.7774507300977724,
      "ssim_drop": 0.22254926990222756
    },
    "identity": {
      "pre": {
        "models": {
          "SFace": {
            "enabled": true,
            "ok": true,
            "source": "direct_embedding",
            "similarity_percent": 94.80661895926004,
            "distance_percent": 5.193381040739965,
            "raw_distance": 0.10386762081479917,
            "threshold": null,
            "embedding_l2": 0.19077094839354736
          },
          "OpenFace": {
            "enabled": false,
            "skipped": true
          },
          "Facenet": {
            "enabled": false,
            "skipped": true
          },
          "Facenet512": {
            "enabled": true,
            "ok": true,
            "source": "direct_embedding",
            "similarity_percent": 97.2883838493514,
            "distance_percent": 2.711616150648595,
            "raw_distance": 0.054232323012971984,
            "threshold": null,
            "embedding_l2": 0.15623813066511996
          }
        },
        "mean_similarity_percent": 96.04750140430572,
        "mean_distance_percent": 3.95249859569428,
        "ok_model_count": 2
      },
      "post": {
        "models": {
          "SFace": {
            "enabled": true,
            "ok": true,
            "source": "direct_embedding",
            "similarity_percent": 94.72404667526241,
            "distance_percent": 5.275953324737586,
            "raw_distance": 0.10551906649475173,
            "threshold": null,
            "embedding_l2": 0.18939466061442278
          },
          "OpenFace": {
            "enabled": false,
            "skipped": true
          },
          "Facenet": {
            "enabled": false,
            "skipped": true
          },
          "Facenet512": {
            "enabled": true,
            "ok": true,
            "source": "direct_embedding",
            "similarity_percent": 93.59847083071703,
            "distance_percent": 6.401529169282966,
            "raw_distance": 0.1280305833856591,
            "threshold": null,
            "embedding_l2": 0.27255791116328915
          }
        },
        "mean_similarity_percent": 94.16125875298972,
        "mean_distance_percent": 5.838741247010276,
        "ok_model_count": 2
      }
    },
    "vae_latent": {
      "output": {
        "l2": 1.2387312400531176,
        "cosine_distance": 0.31428346243528504
      }
    },
    "flux_transformer": {
      "enabled": true,
      "available": true,
      "capture_method": "forward_hook",
      "distance_type": "cosine",
      "weight": 1.0,
      "use_input_features": false,
      "use_denoising_features": true,
      "original": {
        "enabled": true,
        "available": true,
        "capture_method": "forward_hook",
        "use_input_features": false,
        "use_denoising_features": true,
        "requested_layers": [
          "auto"
        ],
        "layers_captured": [
          "single_transformer_blocks.19",
          "single_transformer_blocks.7",
          "transformer_blocks.0"
        ],
        "requested_timesteps": [
          "early",
          "middle"
        ],
        "timesteps_captured": [
          "early",
          "middle"
        ],
        "feature_shapes": [
          {
            "layer": "transformer_blocks.0",
            "shape": [
              1,
              512,
              3072
            ],
            "timestep": "early"
          },
          {
            "layer": "single_transformer_blocks.7",
            "shape": [
              1,
              1856,
              3072
            ],
            "timestep": "early"
          },
          {
            "layer": "single_transformer_blocks.19",
            "shape": [
              1,
              1856,
              3072
            ],
            "timestep": "early"
          },
          {
            "layer": "transformer_blocks.0",
            "shape": [
              1,
              512,
              3072
            ],
            "timestep": "early"
          },
          {
            "layer": "single_transformer_blocks.7",
            "shape": [
              1,
              1856,
              3072
            ],
            "timestep": "middle"
          },
          {
            "layer": "single_transformer_blocks.19",
            "shape": [
              1,
              1856,
              3072
            ],
            "timestep": "middle"
          },
          {
            "layer": "transformer_blocks.0",
            "shape": [
              1,
              512,
              3072
            ],
            "timestep": "middle"
          },
          {
            "layer": "single_transformer_blocks.7",
            "shape": [
              1,
              1856,
              3072
            ],
            "timestep": "middle"
          }
        ],
        "pooled_feature_shapes": [
          {
            "layer": "transformer_blocks.0",
            "shape": [
              3072
            ],
            "timestep": "early"
          },
          {
            "layer": "single_transformer_blocks.7",
            "shape": [
              3072
            ],
            "timestep": "early"
          },
          {
            "layer": "single_transformer_blocks.19",
            "shape": [
              3072
            ],
            "timestep": "early"
          },
          {
            "layer": "transformer_blocks.0",
            "shape": [
              3072
            ],
            "timestep": "early"
          },
          {
            "layer": "single_transformer_blocks.7",
            "shape": [
              3072
            ],
            "timestep": "middle"
          },
          {
            "layer": "single_transformer_blocks.19",
            "shape": [
              3072
            ],
            "timestep": "middle"
          },
          {
            "layer": "transformer_blocks.0",
            "shape": [
              3072
            ],
            "timestep": "middle"
          },
          {
            "layer": "single_transformer_blocks.7",
            "shape": [
              3072
            ],
            "timestep": "middle"
          }
        ],
        "captured_call_count": 12,
        "included_feature_count": 8,
        "warnings": [
          "Timestep labels are approximated from forward-hook call order."
        ]
      },
      "candidate": {
        "enabled": true,
        "available": true,
        "capture_method": "forward_hook",
        "use_input_features": false,
        "use_denoising_features": true,
        "requested_layers": [
          "auto"
        ],
        "layers_captured": [
          "single_transformer_blocks.19",
          "single_transformer_blocks.7",
          "transformer_blocks.0"
        ],
        "requested_timesteps": [
          "early",
          "middle"
        ],
        "timesteps_captured": [
          "early",
          "middle"
        ],
        "feature_shapes": [
          {
            "layer": "transformer_blocks.0",
            "shape": [
              1,
              512,
              3072
            ],