{
  "config": {
    "input": "/workspace/gender_dataset/men/74.jpg",
    "prompt": "make the person smile",
    "output_dir": "/workspace/output/geo_whitebox_results_20260614_172707/blackbox/men74_smile_mouth_g8p12",
    "seed": 7701,
    "max_size": 512,
    "diffusion_steps": 4,
    "guidance_scale": 1.0,
    "max_sequence_length": 512,
    "text_encoder_out_layers": [
      9,
      18,
      27
    ],
    "torch_dtype": "bfloat16",
    "methods": [
      "tps",
      "piecewise",
      "dct",
      "grid",
      "rolling"
    ],
    "objective": "final_edit_blackbox",
    "attack_iters": 0,
    "lr": 0.08,
    "max_disp_px": 2.0,
    "init_scale_px": 0.0,
    "grid_size": 6,
    "dct_size": 4,
    "rbf_size": 5,
    "rbf_sigma": 0.55,
    "tps_size": 5,
    "piecewise_size": 5,
    "padding_mode": "reflection",
    "face_mask": "mouth",
    "face_center_x": 0.525,
    "face_center_y": 0.41046875,
    "face_radius_x": 0.33599999999999997,
    "face_radius_y": 0.3075,
    "use_gates": true,
    "gate_init": 2.0,
    "lambda_visual": 30.0,
    "lambda_disp": 0.1,
    "lambda_smooth": 0.2,
    "lambda_fold": 5.0,
    "lambda_method_l1": 0.02,
    "lambda_gate_l1": 0.01,
    "hybrid_vae_weight": 0.2,
    "feature_layers": [
      0,
      4,
      8
    ],
    "feature_source": "blocks",
    "objective_timestep": 0,
    "objective_timesteps": [
      0
    ],
    "edge_falloff_px": 16.0,
    "save_theta": true
  },
  "projected_parameters_finite": true,
  "metrics": {
    "input": {
      "psnr": 48.45999674671438,
      "ssim": 0.9968902036067746,
      "l2": 0.0037757233234448307,
      "mean_abs": 0.0010255310917273164,
      "max_abs": 0.08235295116901398
    },
    "output": {
      "psnr": 49.49984207020046,
      "ssim": 0.9972154600441262,
      "l2": 0.003349715296687365,
      "mean_abs": 0.0013887743698433042,
      "max_abs": 0.054901957511901855
    },
    "clean_edit": {
      "psnr": 25.388044532960432,
      "ssim": 0.9410846748368386,
      "l2": 0.05377714887769222,
      "mean_abs": 0.044717803597450256,
      "max_abs": 0.7372549176216125
    },
    "perturbed_edit": {
      "psnr": 25.50205143871155,
      "ssim": 0.9425781195321621,
      "l2": 0.05307590744247471,
      "mean_abs": 0.04415168613195419,
      "max_abs": 0.7137255072593689
    },
    "displacement": {
      "max_dx_px": 0.8227828145027161,
      "max_dy_px": 0.7167388796806335,
      "max_magnitude_px": 1.0255995988845825,
      "mean_magnitude_px": 0.09157569706439972,
      "p95_magnitude_px": 0.5631009936332703
    },
    "score_terms": {
      "prompt_failure": 0.0007012414352175131,
      "output_diverge": 0.02788673630693202,
      "stealth_penalty": 0.0
    }
  },
  "score": 0.030691702047802073,
  "valid": true,
  "method_displacement": {
    "rolling": {
      "max_dx_px": 0.09459281712770462,
      "max_dy_px": 0.0,
      "max_magnitude_px": 0.09459281712770462,
      "mean_magnitude_px": 0.015001523308455944,
      "p95_magnitude_px": 0.09050478786230087
    },
    "grid": {
      "max_dx_px": 0.13623929023742676,
      "max_dy_px": 0.15213677287101746,
      "max_magnitude_px": 0.16637985408306122,
      "mean_magnitude_px": 0.018109338358044624,
      "p95_magnitude_px": 0.1132313683629036
    },
    "dct": {
      "max_dx_px": 0.8766126036643982,
      "max_dy_px": 0.7974951863288879,
      "max_magnitude_px": 1.0890313386917114,
      "mean_magnitude_px": 0.09548179805278778,
      "p95_magnitude_px": 0.6131802201271057
    },
    "tps": {
      "max_dx_px": 0.17222940921783447,
      "max_dy_px": 0.1232304498553276,
      "max_magnitude_px": 0.19834324717521667,
      "mean_magnitude_px": 0.02044006437063217,
      "p95_magnitude_px": 0.13513268530368805
    },
    "piecewise": {
      "max_dx_px": 0.23996563255786896,
      "max_dy_px": 0.24605995416641235,
      "max_magnitude_px": 0.24878497421741486,
      "mean_magnitude_px": 0.02999701537191868,
      "p95_magnitude_px": 0.1862959861755371
    }
  },
  "gate_values": {
    "tps": 0.853255033493042,
    "piecewise": 0.890324592590332,
    "dct": 0.8023194670677185,
    "grid": 0.9108911752700806,
    "rolling": 0.8534225821495056
  },
  "outputs": {
    "original": "/workspace/output/geo_whitebox_results_20260614_172707/blackbox/men74_smile_mouth_g8p12/cand_016_g02_m04/original.png",
    "perturbed": "/workspace/output/geo_whitebox_results_20260614_172707/blackbox/men74_smile_mouth_g8p12/cand_016_g02_m04/perturbed.png",
    "original_diffused": "/workspace/output/geo_whitebox_results_20260614_172707/blackbox/men74_smile_mouth_g8p12/cand_016_g02_m04/original_diffused.png",
    "perturbed_diffused": "/workspace/output/geo_whitebox_results_20260614_172707/blackbox/men74_smile_mouth_g8p12/cand_016_g02_m04/perturbed_diffused.png",
    "flow": "/workspace/output/geo_whitebox_results_20260614_172707/blackbox/men74_smile_mouth_g8p12/cand_016_g02_m04/flow.png",
    "report": "/workspace/output/geo_whitebox_results_20260614_172707/blackbox/men74_smile_mouth_g8p12/cand_016_g02_m04/report.json"
  }
}