{
  "iteration": 4,
  "label": "restart_0_random_3",
  "loss": -60.888246060368786,
  "loss_components": {
    "input_psnr_penalty": 9.819725468504645,
    "input_ssim_penalty": 0.0,
    "pre_identity_penalty": 0.0,
    "post_identity_reward": -67.88313372558139,
    "output_vae_distance_reward": -1.42427321221266,
    "flux_transformer_feature_reward": -0.006051184009791211,
    "output_pixel_l2_reward": -0.32718239022734824,
    "output_ssim_drop_reward": -1.104487074032075,
    "parameter_regularization_penalty": 0.037156057189830144
  },
  "metrics": {
    "input_stealth": {
      "psnr": 20.13938738080683,
      "ssim": 0.7877693841562333
    },
    "output_disruption": {
      "pixel_l2": 0.10906079674244941,
      "ssim": 0.7238782314919813,
      "ssim_drop": 0.27612176850801873
    },
    "identity": {
      "pre": {
        "models": {
          "SFace": {
            "enabled": true,
            "ok": true,
            "source": "direct_embedding",
            "similarity_percent": 92.55627608477371,
            "distance_percent": 7.443723915226286,
            "raw_distance": 0.14887447830452571,
            "threshold": null,
            "embedding_l2": 0.5274406606755279
          },
          "OpenFace": {
            "enabled": false,
            "skipped": true
          },
          "Facenet": {
            "enabled": false,
            "skipped": true
          },
          "Facenet512": {
            "enabled": true,
            "ok": true,
            "source": "direct_embedding",
            "similarity_percent": 95.61347279851881,
            "distance_percent": 4.3865272014811865,
            "raw_distance": 0.08773054402962355,
            "threshold": null,
            "embedding_l2": 0.39346029351161155
          }
        },
        "mean_similarity_percent": 94.08487444164626,
        "mean_distance_percent": 5.915125558353736,
        "ok_model_count": 2
      },
      "post": {
        "models": {
          "SFace": {
            "enabled": true,
            "ok": true,
            "source": "direct_embedding",
            "similarity_percent": 90.42013378956604,
            "distance_percent": 9.579866210433963,
            "raw_distance": 0.19159732420867914,
            "threshold": null,
            "embedding_l2": 0.5800671610627988
          },
          "OpenFace": {
            "enabled": false,
            "skipped": true
          },
          "Facenet": {
            "enabled": false,
            "skipped": true
          },
          "Facenet512": {
            "enabled": true,
            "ok": true,
            "source": "direct_embedding",
            "similarity_percent": 92.60908277903862,
            "distance_percent": 7.390917220961384,
            "raw_distance": 0.14781834441922792,
            "threshold": null,
            "embedding_l2": 0.532250259351141
          }
        },
        "mean_similarity_percent": 91.51460828430233,
        "mean_distance_percent": 8.485391715697673,
        "ok_model_count": 2
      }
    },
    "vae_latent": {
      "output": {
        "l2": 1.42427321221266,
        "cosine_distance": 0.41229530630432054
      }
    },
    "flux_transformer": {
      "enabled": true,
      "available": true,
      "capture_method": "forward_hook",
      "distance_type": "cosine",
      "weight": 1.0,
      "use_input_features": false,
      "use_denoising_features": true,
      "original": {
        "enabled": true,
        "available": true,
        "capture_method": "forward_hook",
        "use_input_features": false,
        "use_denoising_features": true,
        "requested_layers": [
          "auto"
        ],
        "layers_captured": [
          "single_transformer_blocks.19",
          "single_transformer_blocks.7",
          "transformer_blocks.0"
        ],
        "requested_timesteps": [
          "early",
          "middle"
        ],
        "timesteps_captured": [
          "early",
          "middle"
        ],
        "feature_shapes": [
          {
            "layer": "transformer_blocks.0",
            "shape": [
              1,
              512,
              3072
            ],
            "timestep": "early"
          },
          {
            "layer": "single_transformer_blocks.7",
            "shape": [
              1,
              4640,
              3072
            ],
            "timestep": "early"
          },
          {
            "layer": "single_transformer_blocks.19",
            "shape": [
              1,
              4640,
              3072
            ],
            "timestep": "early"
          },
          {
            "layer": "transformer_blocks.0",
            "shape": [
              1,
              512,
              3072
            ],
            "timestep": "early"
          },
          {
            "layer": "single_transformer_blocks.7",
            "shape": [
              1,
              4640,
              3072
            ],
            "timestep": "middle"
          },
          {
            "layer": "single_transformer_blocks.19",
            "shape": [
              1,
              4640,
              3072
            ],
            "timestep": "middle"
          },
          {
            "layer": "transformer_blocks.0",
            "shape": [
              1,
              512,
              3072
            ],
            "timestep": "middle"
          },
          {
            "layer": "single_transformer_blocks.7",
            "shape": [
              1,
              4640,
              3072
            ],
            "timestep": "middle"
          }
        ],
        "pooled_feature_shapes": [
          {
            "layer": "transformer_blocks.0",
            "shape": [
              3072
            ],
            "timestep": "early"
          },
          {
            "layer": "single_transformer_blocks.7",
            "shape": [
              3072
            ],
            "timestep": "early"
          },
          {
            "layer": "single_transformer_blocks.19",
            "shape": [
              3072
            ],
            "timestep": "early"
          },
          {
            "layer": "transformer_blocks.0",
            "shape": [
              3072
            ],
            "timestep": "early"
          },
          {
            "layer": "single_transformer_blocks.7",
            "shape": [
              3072
            ],
            "timestep": "middle"
          },
          {
            "layer": "single_transformer_blocks.19",
            "shape": [
              3072
            ],
            "timestep": "middle"
          },
          {
            "layer": "transformer_blocks.0",
            "shape": [
              3072
            ],
            "timestep": "middle"
          },
          {
            "layer": "single_transformer_blocks.7",
            "shape": [
              3072
            ],
            "timestep": "middle"
          }
        ],
        "captured_call_count": 12,
        "included_feature_count": 8,
        "warnings": [
          "Timestep labels are approximated from forward-hook call order."
        ]
      },
      "candidate": {
        "enabled": true,
        "available": true,
        "capture_method": "forward_hook",
        "use_input_features": false,
        "use_denoising_features": true,
        "requested_layers": [
          "auto"
        ],
        "layers_captured": [
          "single_transformer_blocks.19",
          "single_transformer_blocks.7",
          "transformer_blocks.0"
        ],
        "requested_timesteps": [
          "early",
          "middle"
        ],
        "timesteps_captured": [
          "early",
          "middle"
        ],
        "feature_shapes": [
          {
            "layer": "transformer_blocks.0",
            "shape": [
              1,
              512,
              3072
            ],