{
  "iteration": 7,
  "label": "restart_0_random_6",
  "loss": -43.62900446784632,
  "loss_components": {
    "input_psnr_penalty": 45.22433643937446,
    "input_ssim_penalty": 0.05544289769673607,
    "pre_identity_penalty": 0.0,
    "post_identity_reward": -85.92847134385966,
    "output_vae_distance_reward": -1.451483906658095,
    "output_pixel_l2_reward": -0.418490590901888,
    "output_ssim_drop_reward": -1.1575370967368266,
    "parameter_regularization_penalty": 0.04719913323894866
  },
  "metrics": {
    "input_stealth": {
      "psnr": 16.861030458390264,
      "ssim": 0.692027641833404
    },
    "output_disruption": {
      "pixel_l2": 0.13949686363396266,
      "ssim": 0.7106157258157934,
      "ssim_drop": 0.28938427418420665
    },
    "identity": {
      "pre": {
        "models": {
          "SFace": {
            "enabled": true,
            "ok": true,
            "source": "direct_embedding",
            "similarity_percent": 94.08537982505143,
            "distance_percent": 5.914620174948567,
            "raw_distance": 0.1182924034989713,
            "threshold": null,
            "embedding_l2": 0.3449486228231894
          },
          "OpenFace": {
            "enabled": false,
            "skipped": true
          },
          "Facenet": {
            "enabled": false,
            "skipped": true
          },
          "Facenet512": {
            "enabled": true,
            "ok": true,
            "source": "direct_embedding",
            "similarity_percent": 87.91595394994903,
            "distance_percent": 12.084046050050972,
            "raw_distance": 0.24168092100101946,
            "threshold": null,
            "embedding_l2": 0.6370575724090296
          }
        },
        "mean_similarity_percent": 91.00066688750023,
        "mean_distance_percent": 8.99933311249977,
        "ok_model_count": 2
      },
      "post": {
        "models": {
          "SFace": {
            "enabled": true,
            "ok": true,
            "source": "direct_embedding",
            "similarity_percent": 93.42476745149483,
            "distance_percent": 6.57523254850517,
            "raw_distance": 0.13150465097010344,
            "threshold": null,
            "embedding_l2": 0.3562867651573235
          },
          "OpenFace": {
            "enabled": false,
            "skipped": true
          },
          "Facenet": {
            "enabled": false,
            "skipped": true
          },
          "Facenet512": {
            "enabled": true,
            "ok": true,
            "source": "direct_embedding",
            "similarity_percent": 85.09311471254026,
            "distance_percent": 14.906885287459744,
            "raw_distance": 0.29813770574919496,
            "threshold": null,
            "embedding_l2": 0.6757550212410115
          }
        },
        "mean_similarity_percent": 89.25894108201754,
        "mean_distance_percent": 10.741058917982457,
        "ok_model_count": 2
      }
    },
    "vae_latent": {
      "output": {
        "l2": 1.451483906658095,
        "cosine_distance": 0.40336331529365554
      }
    },
    "flux_transformer": {
      "enabled": false,
      "available": false,
      "loss_contribution": null
    }
  },
  "parameters": {
    "homography": {
      "strength": 0.021103669252677718
    },
    "thin-plate-spline": {
      "strength": 0.007947375404673768,
      "grid": 7
    },
    "delaunay": {
      "strength": 0.0031573458436512315,
      "grid": 12
    },
    "fft-phase": {
      "strength": 1.591529529858463,
      "coefficients": 4
    },
    "elastic": {
      "strength": 0.0037104619831439603,
      "sigma": 6.857476079328323
    },
    "rolling-shutter": {
      "strength": 0.01561313116516744,
      "rolling_frequency": 2.7056326727781963,
      "rolling_shear": 0.0047570735095135855,
      "rolling_acceleration": -0.04038424573508203
    }
  },
  "normalized_parameters": [
    0.7537024733099185,
    0.8830417116304187,
    0.47694336134411996,
    0.17540810242506844,
    0.9939387350528185,
    0.3183059059716926,
    0.03271494825925503,
    0.20613677684133114,
    0.10926329878401897,
    0.8673961758426356,
    0.7352108909260655,
    0.059463418868919815,
    0.09615754264917975
  ],
  "perturbations": [
    {
      "method": "homography",
      "enabled": true,
      "strength": 0.021103669252677718,
      "seed": 7011
    },
    {
      "method": "thin-plate-spline",
      "enabled": true,
      "strength": 0.007947375404673768,
      "seed": 7012,
      "grid": 7
    },
    {
      "method": "delaunay",
      "enabled": true,
      "strength": 0.0031573458436512315,
      "seed": 7013,
      "grid": 12
    },
    {
      "method": "fft-phase",
      "enabled": true,
      "strength": 1.591529529858463,
      "seed": 7014,
      "coefficients": 4
    },
    {
      "method": "elastic",
      "enabled": true,
      "strength": 0.0037104619831439603,
      "seed": 7015,
      "sigma": 6.857476079328323
    },
    {
      "method": "rolling-shutter",
      "enabled": true,
      "strength": 0.01561313116516744,
      "seed": 7016,
      "rolling_frequency": 2.7056326727781963,
      "rolling_phase": 0.0,
      "rolling_shear": 0.0047570735095135855,
      "rolling_acceleration": -0.04038424573508203
    }
  ],
  "diffusion": {
    "cpu": false,
    "device": "auto",
    "gpu_index": 0,
    "selected_model": "flux2_klein",
    "selected_model_id": "black-forest-labs/FLUX.2-klein-4B",
    "model_id": "black-forest-labs/FLUX.2-klein-4B",
    "num_inference_steps": 4,
    "guidance_scale": 1.0,
    "image_guidance_scale": 1.0,
    "max_size": 768,
    "seed": 7004,
    "instruct_pix2pix": {
      "enabled": false,
      "model_id": "timbrooks/instruct-pix2pix",
      "num_inference_steps": 20,
      "guidance_scale": 7.5,
      "image_guidance_scale": 1.0,
      "max_size": 768,
      "seed": 7004
    },
    "flux2_klein": {
      "enabled": true,
      "model_id": "black-forest-labs/FLUX.2-klein-4B",
      "num_inference_steps": 4,
      "guidance_scale": 1.0,
      "max_size": 768,
      "height": null,
      "width": null,
      "max_sequence_length": 512,
      "text_encoder_out_layers": [
        9,
        18,
        27
      ],
      "torch_dtype": "bfloat16",
      "cpu_offload": false,
      "sigmas": null,
      "seed": 7004
    },
    "used_model": "flux2_klein",
    "used_model_id": "black-forest-labs/FLUX.2-klein-4B",
    "resolved_device": "cuda:0"
  },
  "embedding_backends": {
    "identity": {
      "models": {
        "SFace": true,
        "OpenFace": false,
        "Facenet": false,
        "Facenet512": true
      },
      "detector_backend": "skip",
      "direct_embedding": true,
      "fallback": "verify_distance"
    },
    "output_vae": {
      "ok": true,
      "source": "diffusion_pipeline_vae",
      "device": "cuda:0",
      "selected_model": "flux2_klein"
    }
  },
  "errors": {},
  "outputs": {
    "perturbed": "/workspace/output/mentor_results_20260614_092647/search/pass3/04_men11_hair_strong/embedding_loss_run_20260614_101039/iterations/iter_000007/perturbed.png",
    "perturbed_diffused": "/workspace/output/mentor_results_20260614_092647/search/pass3/04_men11_hair_strong/embedding_loss_run_20260614_101039/iterations/iter_000007/perturbed_diffused.png",
    "metrics": "/workspace/output/mentor_results_20260614_092647/search/pass3/04_men11_hair_strong/embedding_loss_run_20260614_101039/iterations/iter_000007/metrics.json"
  },
  "elapsed_seconds": 1.5771016939543188
}