{
  "config": {
    "input": "/workspace/gender_dataset/men/51.jpg",
    "prompt": "turn the image into a professional headshot",
    "output_dir": "/workspace/output/geo_whitebox_results_20260614_172707/blackbox/men51_headshot_local_from_whitebox_g6p12",
    "seed": 7401,
    "max_size": 512,
    "diffusion_steps": 4,
    "guidance_scale": 1.0,
    "max_sequence_length": 512,
    "text_encoder_out_layers": [
      9,
      18,
      27
    ],
    "torch_dtype": "bfloat16",
    "methods": [
      "tps",
      "piecewise",
      "dct",
      "rolling"
    ],
    "objective": "final_edit_blackbox",
    "attack_iters": 0,
    "lr": 0.08,
    "max_disp_px": 2.5,
    "init_scale_px": 0.0,
    "grid_size": 6,
    "dct_size": 4,
    "rbf_size": 5,
    "rbf_sigma": 0.55,
    "tps_size": 5,
    "piecewise_size": 5,
    "padding_mode": "reflection",
    "face_mask": "face",
    "face_center_x": 0.4208984375,
    "face_center_y": 0.2930952380952381,
    "face_radius_x": 0.22,
    "face_radius_y": 0.3,
    "use_gates": true,
    "gate_init": 2.0,
    "lambda_visual": 30.0,
    "lambda_disp": 0.1,
    "lambda_smooth": 0.2,
    "lambda_fold": 5.0,
    "lambda_method_l1": 0.02,
    "lambda_gate_l1": 0.01,
    "hybrid_vae_weight": 0.2,
    "feature_layers": [
      0,
      4,
      8
    ],
    "feature_source": "blocks",
    "objective_timestep": 0,
    "objective_timesteps": [
      0
    ],
    "edge_falloff_px": 16.0,
    "save_theta": true
  },
  "projected_parameters_finite": true,
  "metrics": {
    "input": {
      "psnr": 43.87659418798977,
      "ssim": 0.9960428311806582,
      "l2": 0.006399857301979914,
      "mean_abs": 0.00130320037715137,
      "max_abs": 0.2666666805744171
    },
    "output": {
      "psnr": 36.58031545874959,
      "ssim": 0.9909957984075305,
      "l2": 0.014824642432450809,
      "mean_abs": 0.004408337641507387,
      "max_abs": 0.5803921222686768
    },
    "clean_edit": {
      "psnr": 13.235801921706294,
      "ssim": 0.5809445748915938,
      "l2": 0.21787625609761865,
      "mean_abs": 0.15768350660800934,
      "max_abs": 0.9607843160629272
    },
    "perturbed_edit": {
      "psnr": 13.221595621163813,
      "ssim": 0.5820913676980614,
      "l2": 0.21823289753464348,
      "mean_abs": 0.15777549147605896,
      "max_abs": 0.9607843160629272
    },
    "displacement": {
      "max_dx_px": 0.617159903049469,
      "max_dy_px": 0.25742587447166443,
      "max_magnitude_px": 0.6589480042457581,
      "mean_magnitude_px": 0.05418732762336731,
      "p95_magnitude_px": 0.38637664914131165
    },
    "score_terms": {
      "prompt_failure": 0.0,
      "output_diverge": 0.11014001853213207,
      "stealth_penalty": 0.0
    }
  },
  "score": 0.11014001853213207,
  "valid": true,
  "method_displacement": {
    "rolling": {
      "max_dx_px": 0.0599212720990181,
      "max_dy_px": 0.0,
      "max_magnitude_px": 0.0599212720990181,
      "mean_magnitude_px": 0.006604625843465328,
      "p95_magnitude_px": 0.03781970962882042
    },
    "dct": {
      "max_dx_px": 0.5580817461013794,
      "max_dy_px": 0.17613351345062256,
      "max_magnitude_px": 0.5583222508430481,
      "mean_magnitude_px": 0.050106316804885864,
      "p95_magnitude_px": 0.3440776765346527
    },
    "tps": {
      "max_dx_px": 0.1438767910003662,
      "max_dy_px": 0.14855432510375977,
      "max_magnitude_px": 0.17083223164081573,
      "mean_magnitude_px": 0.018476644530892372,
      "p95_magnitude_px": 0.11523464322090149
    },
    "piecewise": {
      "max_dx_px": 0.08337090909481049,
      "max_dy_px": 0.10659310221672058,
      "max_magnitude_px": 0.11636745184659958,
      "mean_magnitude_px": 0.010321656242012978,
      "p95_magnitude_px": 0.06262020766735077
    }
  },
  "gate_values": {
    "tps": 0.6186789870262146,
    "piecewise": 0.4205106794834137,
    "dct": 0.35041317343711853,
    "rolling": 0.4998909533023834
  },
  "outputs": {
    "original": "/workspace/output/geo_whitebox_results_20260614_172707/blackbox/men51_headshot_local_from_whitebox_g6p12/cand_005_g01_m05/original.png",
    "perturbed": "/workspace/output/geo_whitebox_results_20260614_172707/blackbox/men51_headshot_local_from_whitebox_g6p12/cand_005_g01_m05/perturbed.png",
    "original_diffused": "/workspace/output/geo_whitebox_results_20260614_172707/blackbox/men51_headshot_local_from_whitebox_g6p12/cand_005_g01_m05/original_diffused.png",
    "perturbed_diffused": "/workspace/output/geo_whitebox_results_20260614_172707/blackbox/men51_headshot_local_from_whitebox_g6p12/cand_005_g01_m05/perturbed_diffused.png",
    "flow": "/workspace/output/geo_whitebox_results_20260614_172707/blackbox/men51_headshot_local_from_whitebox_g6p12/cand_005_g01_m05/flow.png",
    "report": "/workspace/output/geo_whitebox_results_20260614_172707/blackbox/men51_headshot_local_from_whitebox_g6p12/cand_005_g01_m05/report.json"
  }
}