{
  "config": {
    "input": "/workspace/gender_dataset/men/51.jpg",
    "prompt": "turn the image into a professional headshot",
    "output_dir": "/workspace/output/geo_whitebox_results_20260614_172707/blackbox/men51_headshot_local_from_whitebox_g6p12",
    "seed": 7401,
    "max_size": 512,
    "diffusion_steps": 4,
    "guidance_scale": 1.0,
    "max_sequence_length": 512,
    "text_encoder_out_layers": [
      9,
      18,
      27
    ],
    "torch_dtype": "bfloat16",
    "methods": [
      "tps",
      "piecewise",
      "dct",
      "rolling"
    ],
    "objective": "final_edit_blackbox",
    "attack_iters": 0,
    "lr": 0.08,
    "max_disp_px": 2.5,
    "init_scale_px": 0.0,
    "grid_size": 6,
    "dct_size": 4,
    "rbf_size": 5,
    "rbf_sigma": 0.55,
    "tps_size": 5,
    "piecewise_size": 5,
    "padding_mode": "reflection",
    "face_mask": "face",
    "face_center_x": 0.4208984375,
    "face_center_y": 0.2930952380952381,
    "face_radius_x": 0.22,
    "face_radius_y": 0.3,
    "use_gates": true,
    "gate_init": 2.0,
    "lambda_visual": 30.0,
    "lambda_disp": 0.1,
    "lambda_smooth": 0.2,
    "lambda_fold": 5.0,
    "lambda_method_l1": 0.02,
    "lambda_gate_l1": 0.01,
    "hybrid_vae_weight": 0.2,
    "feature_layers": [
      0,
      4,
      8
    ],
    "feature_source": "blocks",
    "objective_timestep": 0,
    "objective_timesteps": [
      0
    ],
    "edge_falloff_px": 16.0,
    "save_theta": true
  },
  "projected_parameters_finite": true,
  "metrics": {
    "input": {
      "psnr": 41.131156309346686,
      "ssim": 0.9921476297923113,
      "l2": 0.008778942096212166,
      "mean_abs": 0.002006824128329754,
      "max_abs": 0.2705882489681244
    },
    "output": {
      "psnr": 33.15851248010929,
      "ssim": 0.9833643424961772,
      "l2": 0.02198236304029118,
      "mean_abs": 0.005993420723825693,
      "max_abs": 0.7254902124404907
    },
    "clean_edit": {
      "psnr": 13.235801921706294,
      "ssim": 0.5809445748915938,
      "l2": 0.21787625609761865,
      "mean_abs": 0.15768350660800934,
      "max_abs": 0.9607843160629272
    },
    "perturbed_edit": {
      "psnr": 13.230223561632721,
      "ssim": 0.5834819856344586,
      "l2": 0.21801622823914582,
      "mean_abs": 0.1576281636953354,
      "max_abs": 0.9607843160629272
    },
    "displacement": {
      "max_dx_px": 0.7898949384689331,
      "max_dy_px": 0.6070474982261658,
      "max_magnitude_px": 0.7899150848388672,
      "mean_magnitude_px": 0.08991169929504395,
      "p95_magnitude_px": 0.5369922518730164
    },
    "score_terms": {
      "prompt_failure": 0.0,
      "output_diverge": 0.17645444521674705,
      "stealth_penalty": 0.0
    }
  },
  "score": 0.17645444521674705,
  "valid": true,
  "method_displacement": {
    "rolling": {
      "max_dx_px": 0.16815732419490814,
      "max_dy_px": 0.0,
      "max_magnitude_px": 0.16815732419490814,
      "mean_magnitude_px": 0.020191075280308723,
      "p95_magnitude_px": 0.1389123946428299
    },
    "dct": {
      "max_dx_px": 0.6148111820220947,
      "max_dy_px": 0.6358669996261597,
      "max_magnitude_px": 0.6906343698501587,
      "mean_magnitude_px": 0.09030231833457947,
      "p95_magnitude_px": 0.5267138481140137
    },
    "tps": {
      "max_dx_px": 0.15974962711334229,
      "max_dy_px": 0.11534679681062698,
      "max_magnitude_px": 0.16574610769748688,
      "mean_magnitude_px": 0.013148995116353035,
      "p95_magnitude_px": 0.08924280852079391
    },
    "piecewise": {
      "max_dx_px": 0.13383105397224426,
      "max_dy_px": 0.10959521681070328,
      "max_magnitude_px": 0.15206730365753174,
      "mean_magnitude_px": 0.01810607500374317,
      "p95_magnitude_px": 0.11736030876636505
    }
  },
  "gate_values": {
    "tps": 0.41787776350975037,
    "piecewise": 0.42116737365722656,
    "dct": 0.5155342221260071,
    "rolling": 0.5570013523101807
  },
  "outputs": {
    "original": "/workspace/output/geo_whitebox_results_20260614_172707/blackbox/men51_headshot_local_from_whitebox_g6p12/cand_052_g05_m04/original.png",
    "perturbed": "/workspace/output/geo_whitebox_results_20260614_172707/blackbox/men51_headshot_local_from_whitebox_g6p12/cand_052_g05_m04/perturbed.png",
    "original_diffused": "/workspace/output/geo_whitebox_results_20260614_172707/blackbox/men51_headshot_local_from_whitebox_g6p12/cand_052_g05_m04/original_diffused.png",
    "perturbed_diffused": "/workspace/output/geo_whitebox_results_20260614_172707/blackbox/men51_headshot_local_from_whitebox_g6p12/cand_052_g05_m04/perturbed_diffused.png",
    "flow": "/workspace/output/geo_whitebox_results_20260614_172707/blackbox/men51_headshot_local_from_whitebox_g6p12/cand_052_g05_m04/flow.png",
    "report": "/workspace/output/geo_whitebox_results_20260614_172707/blackbox/men51_headshot_local_from_whitebox_g6p12/cand_052_g05_m04/report.json"
  }
}