{
  "config": {
    "input": "/workspace/gender_dataset/men/66.jpg",
    "prompt": "add sunglasses",
    "output_dir": "/workspace/output/geo_whitebox_results_20260614_172707/blackbox/men66_sunglasses_upper_face_g8p12",
    "seed": 7601,
    "max_size": 512,
    "diffusion_steps": 4,
    "guidance_scale": 1.0,
    "max_sequence_length": 512,
    "text_encoder_out_layers": [
      9,
      18,
      27
    ],
    "torch_dtype": "bfloat16",
    "methods": [
      "tps",
      "piecewise",
      "dct",
      "grid",
      "rolling"
    ],
    "objective": "final_edit_blackbox",
    "attack_iters": 0,
    "lr": 0.08,
    "max_disp_px": 2.2,
    "init_scale_px": 0.0,
    "grid_size": 6,
    "dct_size": 4,
    "rbf_size": 5,
    "rbf_sigma": 0.55,
    "tps_size": 5,
    "piecewise_size": 5,
    "padding_mode": "reflection",
    "face_mask": "upper_face",
    "face_center_x": 0.5178571428571429,
    "face_center_y": 0.5237499999999999,
    "face_radius_x": 0.48,
    "face_radius_y": 0.46765625,
    "use_gates": true,
    "gate_init": 2.0,
    "lambda_visual": 30.0,
    "lambda_disp": 0.1,
    "lambda_smooth": 0.2,
    "lambda_fold": 5.0,
    "lambda_method_l1": 0.02,
    "lambda_gate_l1": 0.01,
    "hybrid_vae_weight": 0.2,
    "feature_layers": [
      0,
      4,
      8
    ],
    "feature_source": "blocks",
    "objective_timestep": 0,
    "objective_timesteps": [
      0
    ],
    "edge_falloff_px": 16.0,
    "save_theta": true
  },
  "projected_parameters_finite": true,
  "metrics": {
    "input": {
      "psnr": 36.07159192494652,
      "ssim": 0.9825905034392767,
      "l2": 0.015718836757283507,
      "mean_abs": 0.005007140804082155,
      "max_abs": 0.4274509847164154
    },
    "output": {
      "psnr": 36.494985798680915,
      "ssim": 0.9816509428386674,
      "l2": 0.014970996542610141,
      "mean_abs": 0.005757515784353018,
      "max_abs": 0.3333333134651184
    },
    "clean_edit": {
      "psnr": 17.45610150731252,
      "ssim": 0.8925686597067154,
      "l2": 0.1340278110218611,
      "mean_abs": 0.045276228338479996,
      "max_abs": 0.9450980424880981
    },
    "perturbed_edit": {
      "psnr": 17.55042822321254,
      "ssim": 0.8973956831067635,
      "l2": 0.1325801752771513,
      "mean_abs": 0.04352071136236191,
      "max_abs": 0.9411764740943909
    },
    "displacement": {
      "max_dx_px": 1.4109253883361816,
      "max_dy_px": 1.248394250869751,
      "max_magnitude_px": 1.6894983053207397,
      "mean_magnitude_px": 0.24800559878349304,
      "p95_magnitude_px": 0.9104368090629578
    },
    "score_terms": {
      "prompt_failure": 0.0014476357447097965,
      "output_diverge": 0.14825121135838115,
      "stealth_penalty": 0.038568161501069655
    }
  },
  "score": 0.11547359283615069,
  "valid": true,
  "method_displacement": {
    "rolling": {
      "max_dx_px": 0.3322047293186188,
      "max_dy_px": 0.0,
      "max_magnitude_px": 0.3322047293186188,
      "mean_magnitude_px": 0.07278770953416824,
      "p95_magnitude_px": 0.31326743960380554
    },
    "grid": {
      "max_dx_px": 0.5727307796478271,
      "max_dy_px": 0.3884086310863495,
      "max_magnitude_px": 0.6239902973175049,
      "mean_magnitude_px": 0.11404570192098618,
      "p95_magnitude_px": 0.4791806638240814
    },
    "dct": {
      "max_dx_px": 0.8569504022598267,
      "max_dy_px": 1.0362129211425781,
      "max_magnitude_px": 1.0654314756393433,
      "mean_magnitude_px": 0.25415319204330444,
      "p95_magnitude_px": 0.8571186065673828
    },
    "tps": {
      "max_dx_px": 0.5700739622116089,
      "max_dy_px": 0.2552175521850586,
      "max_magnitude_px": 0.6164321899414062,
      "mean_magnitude_px": 0.0865059494972229,
      "p95_magnitude_px": 0.38893237709999084
    },
    "piecewise": {
      "max_dx_px": 0.330416202545166,
      "max_dy_px": 0.40359485149383545,
      "max_magnitude_px": 0.42113661766052246,
      "mean_magnitude_px": 0.06310904771089554,
      "p95_magnitude_px": 0.2543138861656189
    }
  },
  "gate_values": {
    "tps": 0.8590785264968872,
    "piecewise": 0.9186932444572449,
    "dct": 0.8376992344856262,
    "grid": 0.8935018181800842,
    "rolling": 0.8790789246559143
  },
  "outputs": {
    "original": "/workspace/output/geo_whitebox_results_20260614_172707/blackbox/men66_sunglasses_upper_face_g8p12/cand_090_g08_m06/original.png",
    "perturbed": "/workspace/output/geo_whitebox_results_20260614_172707/blackbox/men66_sunglasses_upper_face_g8p12/cand_090_g08_m06/perturbed.png",
    "original_diffused": "/workspace/output/geo_whitebox_results_20260614_172707/blackbox/men66_sunglasses_upper_face_g8p12/cand_090_g08_m06/original_diffused.png",
    "perturbed_diffused": "/workspace/output/geo_whitebox_results_20260614_172707/blackbox/men66_sunglasses_upper_face_g8p12/cand_090_g08_m06/perturbed_diffused.png",
    "flow": "/workspace/output/geo_whitebox_results_20260614_172707/blackbox/men66_sunglasses_upper_face_g8p12/cand_090_g08_m06/flow.png",
    "report": "/workspace/output/geo_whitebox_results_20260614_172707/blackbox/men66_sunglasses_upper_face_g8p12/cand_090_g08_m06/report.json"
  }
}