{
  "config": {
    "input": "/workspace/gender_dataset/men/51.jpg",
    "prompt": "turn the image into a professional headshot",
    "output_dir": "/workspace/output/geo_whitebox_results_20260614_172707/blackbox/men51_headshot_local_seed5203_g6p12",
    "seed": 5203,
    "max_size": 512,
    "diffusion_steps": 4,
    "guidance_scale": 1.0,
    "max_sequence_length": 512,
    "text_encoder_out_layers": [
      9,
      18,
      27
    ],
    "torch_dtype": "bfloat16",
    "methods": [
      "tps",
      "piecewise",
      "dct",
      "rolling"
    ],
    "objective": "final_edit_blackbox",
    "attack_iters": 0,
    "lr": 0.08,
    "max_disp_px": 2.5,
    "init_scale_px": 0.0,
    "grid_size": 6,
    "dct_size": 4,
    "rbf_size": 5,
    "rbf_sigma": 0.55,
    "tps_size": 5,
    "piecewise_size": 5,
    "padding_mode": "reflection",
    "face_mask": "face",
    "face_center_x": 0.4208984375,
    "face_center_y": 0.2930952380952381,
    "face_radius_x": 0.22,
    "face_radius_y": 0.3,
    "use_gates": true,
    "gate_init": 2.0,
    "lambda_visual": 30.0,
    "lambda_disp": 0.1,
    "lambda_smooth": 0.2,
    "lambda_fold": 5.0,
    "lambda_method_l1": 0.02,
    "lambda_gate_l1": 0.01,
    "hybrid_vae_weight": 0.2,
    "feature_layers": [
      0,
      4,
      8
    ],
    "feature_source": "blocks",
    "objective_timestep": 0,
    "objective_timesteps": [
      0
    ],
    "edge_falloff_px": 16.0,
    "save_theta": true
  },
  "projected_parameters_finite": true,
  "metrics": {
    "input": {
      "psnr": 39.846861077641464,
      "ssim": 0.9903336760447616,
      "l2": 0.01017787109457764,
      "mean_abs": 0.0022292854264378548,
      "max_abs": 0.2980392277240753
    },
    "output": {
      "psnr": 20.362442578794887,
      "ssim": 0.9415069682782989,
      "l2": 0.09591308742119836,
      "mean_abs": 0.02647416479885578,
      "max_abs": 0.9019607901573181
    },
    "clean_edit": {
      "psnr": 13.513728419151365,
      "ssim": 0.585137327901636,
      "l2": 0.21101512187176083,
      "mean_abs": 0.16538751125335693,
      "max_abs": 0.9411764740943909
    },
    "perturbed_edit": {
      "psnr": 13.948437544861928,
      "ssim": 0.5913527924269645,
      "l2": 0.20071421108907478,
      "mean_abs": 0.15826180577278137,
      "max_abs": 0.929411768913269
    },
    "displacement": {
      "max_dx_px": 0.528023362159729,
      "max_dy_px": 0.7218157052993774,
      "max_magnitude_px": 0.8331526517868042,
      "mean_magnitude_px": 0.09123564511537552,
      "p95_magnitude_px": 0.5230883955955505
    },
    "score_terms": {
      "prompt_failure": 0.010300910782686051,
      "output_diverge": 0.7135375639927961,
      "stealth_penalty": 0.0
    }
  },
  "score": 0.7547412071235403,
  "valid": true,
  "method_displacement": {
    "rolling": {
      "max_dx_px": 0.24960193037986755,
      "max_dy_px": 0.0,
      "max_magnitude_px": 0.24960193037986755,
      "mean_magnitude_px": 0.025928091257810593,
      "p95_magnitude_px": 0.16275577247142792
    },
    "dct": {
      "max_dx_px": 0.22619330883026123,
      "max_dy_px": 0.7611580491065979,
      "max_magnitude_px": 0.7778179049491882,
      "mean_magnitude_px": 0.08417187631130219,
      "p95_magnitude_px": 0.5152879953384399
    },
    "tps": {
      "max_dx_px": 0.08898653090000153,
      "max_dy_px": 0.1731185019016266,
      "max_magnitude_px": 0.1737135499715805,
      "mean_magnitude_px": 0.01782245561480522,
      "p95_magnitude_px": 0.10558393597602844
    },
    "piecewise": {
      "max_dx_px": 0.11119674146175385,
      "max_dy_px": 0.07393787056207657,
      "max_magnitude_px": 0.1112494245171547,
      "mean_magnitude_px": 0.011203854344785213,
      "p95_magnitude_px": 0.06556714326143265
    }
  },
  "gate_values": {
    "tps": 0.46267083287239075,
    "piecewise": 0.41024622321128845,
    "dct": 0.5349252223968506,
    "rolling": 0.5547983646392822
  },
  "outputs": {
    "original": "/workspace/output/geo_whitebox_results_20260614_172707/blackbox/men51_headshot_local_seed5203_g6p12/cand_054_g05_m06/original.png",
    "perturbed": "/workspace/output/geo_whitebox_results_20260614_172707/blackbox/men51_headshot_local_seed5203_g6p12/cand_054_g05_m06/perturbed.png",
    "original_diffused": "/workspace/output/geo_whitebox_results_20260614_172707/blackbox/men51_headshot_local_seed5203_g6p12/cand_054_g05_m06/original_diffused.png",
    "perturbed_diffused": "/workspace/output/geo_whitebox_results_20260614_172707/blackbox/men51_headshot_local_seed5203_g6p12/cand_054_g05_m06/perturbed_diffused.png",
    "flow": "/workspace/output/geo_whitebox_results_20260614_172707/blackbox/men51_headshot_local_seed5203_g6p12/cand_054_g05_m06/flow.png",
    "report": "/workspace/output/geo_whitebox_results_20260614_172707/blackbox/men51_headshot_local_seed5203_g6p12/cand_054_g05_m06/report.json"
  }
}