{
  "config": {
    "input": "/workspace/gender_dataset/men/51.jpg",
    "prompt": "turn the image into a professional headshot",
    "output_dir": "/workspace/output/geo_whitebox_results_20260614_172707/blackbox/men51_headshot_local_from_whitebox_g6p12",
    "seed": 7401,
    "max_size": 512,
    "diffusion_steps": 4,
    "guidance_scale": 1.0,
    "max_sequence_length": 512,
    "text_encoder_out_layers": [
      9,
      18,
      27
    ],
    "torch_dtype": "bfloat16",
    "methods": [
      "tps",
      "piecewise",
      "dct",
      "rolling"
    ],
    "objective": "final_edit_blackbox",
    "attack_iters": 0,
    "lr": 0.08,
    "max_disp_px": 2.5,
    "init_scale_px": 0.0,
    "grid_size": 6,
    "dct_size": 4,
    "rbf_size": 5,
    "rbf_sigma": 0.55,
    "tps_size": 5,
    "piecewise_size": 5,
    "padding_mode": "reflection",
    "face_mask": "face",
    "face_center_x": 0.4208984375,
    "face_center_y": 0.2930952380952381,
    "face_radius_x": 0.22,
    "face_radius_y": 0.3,
    "use_gates": true,
    "gate_init": 2.0,
    "lambda_visual": 30.0,
    "lambda_disp": 0.1,
    "lambda_smooth": 0.2,
    "lambda_fold": 5.0,
    "lambda_method_l1": 0.02,
    "lambda_gate_l1": 0.01,
    "hybrid_vae_weight": 0.2,
    "feature_layers": [
      0,
      4,
      8
    ],
    "feature_source": "blocks",
    "objective_timestep": 0,
    "objective_timesteps": [
      0
    ],
    "edge_falloff_px": 16.0,
    "save_theta": true
  },
  "projected_parameters_finite": true,
  "metrics": {
    "input": {
      "psnr": 40.15200201746385,
      "ssim": 0.9911167824090549,
      "l2": 0.009826523545897178,
      "mean_abs": 0.0023314706049859524,
      "max_abs": 0.32549017667770386
    },
    "output": {
      "psnr": 33.278697382920555,
      "ssim": 0.9832881129860632,
      "l2": 0.021680292183373317,
      "mean_abs": 0.005146945361047983,
      "max_abs": 0.7333333492279053
    },
    "clean_edit": {
      "psnr": 13.235801921706294,
      "ssim": 0.5809445748915938,
      "l2": 0.21787625609761865,
      "mean_abs": 0.15768350660800934,
      "max_abs": 0.9607843160629272
    },
    "perturbed_edit": {
      "psnr": 13.23254524803857,
      "ssim": 0.5835190327538385,
      "l2": 0.2179579615913998,
      "mean_abs": 0.15762759745121002,
      "max_abs": 0.9607843160629272
    },
    "displacement": {
      "max_dx_px": 0.610593318939209,
      "max_dy_px": 0.6363164782524109,
      "max_magnitude_px": 0.6758049130439758,
      "mean_magnitude_px": 0.09652523696422577,
      "p95_magnitude_px": 0.5689478516578674
    },
    "score_terms": {
      "prompt_failure": 0.0,
      "output_diverge": 0.1752490089726137,
      "stealth_penalty": 0.0
    }
  },
  "score": 0.1752490089726137,
  "valid": true,
  "method_displacement": {
    "rolling": {
      "max_dx_px": 0.06836589425802231,
      "max_dy_px": 0.0,
      "max_magnitude_px": 0.06836589425802231,
      "mean_magnitude_px": 0.008628124371170998,
      "p95_magnitude_px": 0.05652201548218727
    },
    "dct": {
      "max_dx_px": 0.6244338750839233,
      "max_dy_px": 0.5894426703453064,
      "max_magnitude_px": 0.6739300489425659,
      "mean_magnitude_px": 0.09705749899148941,
      "p95_magnitude_px": 0.5624809265136719
    },
    "tps": {
      "max_dx_px": 0.09777945280075073,
      "max_dy_px": 0.048548631370067596,
      "max_magnitude_px": 0.10892026126384735,
      "mean_magnitude_px": 0.008776052854955196,
      "p95_magnitude_px": 0.062211502343416214
    },
    "piecewise": {
      "max_dx_px": 0.18624545633792877,
      "max_dy_px": 0.061658795922994614,
      "max_magnitude_px": 0.1872856318950653,
      "mean_magnitude_px": 0.013673430308699608,
      "p95_magnitude_px": 0.08388309180736542
    }
  },
  "gate_values": {
    "tps": 0.357344388961792,
    "piecewise": 0.4662502110004425,
    "dct": 0.5028199553489685,
    "rolling": 0.5056612491607666
  },
  "outputs": {
    "original": "/workspace/output/geo_whitebox_results_20260614_172707/blackbox/men51_headshot_local_from_whitebox_g6p12/cand_042_g04_m06/original.png",
    "perturbed": "/workspace/output/geo_whitebox_results_20260614_172707/blackbox/men51_headshot_local_from_whitebox_g6p12/cand_042_g04_m06/perturbed.png",
    "original_diffused": "/workspace/output/geo_whitebox_results_20260614_172707/blackbox/men51_headshot_local_from_whitebox_g6p12/cand_042_g04_m06/original_diffused.png",
    "perturbed_diffused": "/workspace/output/geo_whitebox_results_20260614_172707/blackbox/men51_headshot_local_from_whitebox_g6p12/cand_042_g04_m06/perturbed_diffused.png",
    "flow": "/workspace/output/geo_whitebox_results_20260614_172707/blackbox/men51_headshot_local_from_whitebox_g6p12/cand_042_g04_m06/flow.png",
    "report": "/workspace/output/geo_whitebox_results_20260614_172707/blackbox/men51_headshot_local_from_whitebox_g6p12/cand_042_g04_m06/report.json"
  }
}