{
  "config": {
    "input": "/workspace/gender_dataset/men/51.jpg",
    "prompt": "turn the image into a professional headshot",
    "output_dir": "/workspace/output/geo_whitebox_results_20260614_172707/blackbox/men51_headshot_local_from_whitebox_g6p12",
    "seed": 7401,
    "max_size": 512,
    "diffusion_steps": 4,
    "guidance_scale": 1.0,
    "max_sequence_length": 512,
    "text_encoder_out_layers": [
      9,
      18,
      27
    ],
    "torch_dtype": "bfloat16",
    "methods": [
      "tps",
      "piecewise",
      "dct",
      "rolling"
    ],
    "objective": "final_edit_blackbox",
    "attack_iters": 0,
    "lr": 0.08,
    "max_disp_px": 2.5,
    "init_scale_px": 0.0,
    "grid_size": 6,
    "dct_size": 4,
    "rbf_size": 5,
    "rbf_sigma": 0.55,
    "tps_size": 5,
    "piecewise_size": 5,
    "padding_mode": "reflection",
    "face_mask": "face",
    "face_center_x": 0.4208984375,
    "face_center_y": 0.2930952380952381,
    "face_radius_x": 0.22,
    "face_radius_y": 0.3,
    "use_gates": true,
    "gate_init": 2.0,
    "lambda_visual": 30.0,
    "lambda_disp": 0.1,
    "lambda_smooth": 0.2,
    "lambda_fold": 5.0,
    "lambda_method_l1": 0.02,
    "lambda_gate_l1": 0.01,
    "hybrid_vae_weight": 0.2,
    "feature_layers": [
      0,
      4,
      8
    ],
    "feature_source": "blocks",
    "objective_timestep": 0,
    "objective_timesteps": [
      0
    ],
    "edge_falloff_px": 16.0,
    "save_theta": true
  },
  "projected_parameters_finite": true,
  "metrics": {
    "input": {
      "psnr": 41.317478265139385,
      "ssim": 0.9930228823588879,
      "l2": 0.00859262951202958,
      "mean_abs": 0.002005091169849038,
      "max_abs": 0.21176472306251526
    },
    "output": {
      "psnr": 31.445710835838888,
      "ssim": 0.9788933688536057,
      "l2": 0.02677407392735261,
      "mean_abs": 0.0084304204210639,
      "max_abs": 0.7921568751335144
    },
    "clean_edit": {
      "psnr": 13.235801921706294,
      "ssim": 0.5809445748915938,
      "l2": 0.21787625609761865,
      "mean_abs": 0.15768350660800934,
      "max_abs": 0.9607843160629272
    },
    "perturbed_edit": {
      "psnr": 13.22761837735877,
      "ssim": 0.5829218850582586,
      "l2": 0.21808162829121655,
      "mean_abs": 0.1575256884098053,
      "max_abs": 0.9607843160629272
    },
    "displacement": {
      "max_dx_px": 0.699691116809845,
      "max_dy_px": 0.6227222681045532,
      "max_magnitude_px": 0.7072603106498718,
      "mean_magnitude_px": 0.08013373613357544,
      "p95_magnitude_px": 0.4659852087497711
    },
    "score_terms": {
      "prompt_failure": 0.0,
      "output_diverge": 0.21829689422234036,
      "stealth_penalty": 0.0
    }
  },
  "score": 0.21829689422234036,
  "valid": true,
  "method_displacement": {
    "rolling": {
      "max_dx_px": 0.13177761435508728,
      "max_dy_px": 0.0,
      "max_magnitude_px": 0.13177761435508728,
      "mean_magnitude_px": 0.016001954674720764,
      "p95_magnitude_px": 0.10379795730113983
    },
    "dct": {
      "max_dx_px": 0.571264922618866,
      "max_dy_px": 0.5234937071800232,
      "max_magnitude_px": 0.5728126764297485,
      "mean_magnitude_px": 0.07176784425973892,
      "p95_magnitude_px": 0.42072218656539917
    },
    "tps": {
      "max_dx_px": 0.058297451585531235,
      "max_dy_px": 0.08384436368942261,
      "max_magnitude_px": 0.09817887097597122,
      "mean_magnitude_px": 0.009989936836063862,
      "p95_magnitude_px": 0.056120309978723526
    },
    "piecewise": {
      "max_dx_px": 0.1021442860364914,
      "max_dy_px": 0.06758816540241241,
      "max_magnitude_px": 0.11281824111938477,
      "mean_magnitude_px": 0.013207865878939629,
      "p95_magnitude_px": 0.08415403962135315
    }
  },
  "gate_values": {
    "tps": 0.32416394352912903,
    "piecewise": 0.37091967463493347,
    "dct": 0.5556930899620056,
    "rolling": 0.546973466873169
  },
  "outputs": {
    "original": "/workspace/output/geo_whitebox_results_20260614_172707/blackbox/men51_headshot_local_from_whitebox_g6p12/cand_037_g04_m01/original.png",
    "perturbed": "/workspace/output/geo_whitebox_results_20260614_172707/blackbox/men51_headshot_local_from_whitebox_g6p12/cand_037_g04_m01/perturbed.png",
    "original_diffused": "/workspace/output/geo_whitebox_results_20260614_172707/blackbox/men51_headshot_local_from_whitebox_g6p12/cand_037_g04_m01/original_diffused.png",
    "perturbed_diffused": "/workspace/output/geo_whitebox_results_20260614_172707/blackbox/men51_headshot_local_from_whitebox_g6p12/cand_037_g04_m01/perturbed_diffused.png",
    "flow": "/workspace/output/geo_whitebox_results_20260614_172707/blackbox/men51_headshot_local_from_whitebox_g6p12/cand_037_g04_m01/flow.png",
    "report": "/workspace/output/geo_whitebox_results_20260614_172707/blackbox/men51_headshot_local_from_whitebox_g6p12/cand_037_g04_m01/report.json"
  }
}