{
  "config": {
    "input": "/workspace/gender_dataset/men/74.jpg",
    "prompt": "make the person smile",
    "output_dir": "/workspace/output/geo_whitebox_results_20260614_172707/blackbox/men74_smile_mouth_g8p12",
    "seed": 7701,
    "max_size": 512,
    "diffusion_steps": 4,
    "guidance_scale": 1.0,
    "max_sequence_length": 512,
    "text_encoder_out_layers": [
      9,
      18,
      27
    ],
    "torch_dtype": "bfloat16",
    "methods": [
      "tps",
      "piecewise",
      "dct",
      "grid",
      "rolling"
    ],
    "objective": "final_edit_blackbox",
    "attack_iters": 0,
    "lr": 0.08,
    "max_disp_px": 2.0,
    "init_scale_px": 0.0,
    "grid_size": 6,
    "dct_size": 4,
    "rbf_size": 5,
    "rbf_sigma": 0.55,
    "tps_size": 5,
    "piecewise_size": 5,
    "padding_mode": "reflection",
    "face_mask": "mouth",
    "face_center_x": 0.525,
    "face_center_y": 0.41046875,
    "face_radius_x": 0.33599999999999997,
    "face_radius_y": 0.3075,
    "use_gates": true,
    "gate_init": 2.0,
    "lambda_visual": 30.0,
    "lambda_disp": 0.1,
    "lambda_smooth": 0.2,
    "lambda_fold": 5.0,
    "lambda_method_l1": 0.02,
    "lambda_gate_l1": 0.01,
    "hybrid_vae_weight": 0.2,
    "feature_layers": [
      0,
      4,
      8
    ],
    "feature_source": "blocks",
    "objective_timestep": 0,
    "objective_timesteps": [
      0
    ],
    "edge_falloff_px": 16.0,
    "save_theta": true
  },
  "projected_parameters_finite": true,
  "metrics": {
    "input": {
      "psnr": 41.902548211589945,
      "ssim": 0.9891759334623537,
      "l2": 0.008032904233288824,
      "mean_abs": 0.002142099430784583,
      "max_abs": 0.21960784494876862
    },
    "output": {
      "psnr": 42.84684303110711,
      "ssim": 0.9918627408200713,
      "l2": 0.007205395905932005,
      "mean_abs": 0.0024575029965490103,
      "max_abs": 0.16078431904315948
    },
    "clean_edit": {
      "psnr": 25.388044532960432,
      "ssim": 0.9410846748368386,
      "l2": 0.05377714887769222,
      "mean_abs": 0.044717803597450256,
      "max_abs": 0.7372549176216125
    },
    "perturbed_edit": {
      "psnr": 25.582928538456482,
      "ssim": 0.9456917014394786,
      "l2": 0.05258399440673329,
      "mean_abs": 0.04402312636375427,
      "max_abs": 0.7215686440467834
    },
    "displacement": {
      "max_dx_px": 1.2446342706680298,
      "max_dy_px": 1.3149051666259766,
      "max_magnitude_px": 1.62001371383667,
      "mean_magnitude_px": 0.1868235468864441,
      "p95_magnitude_px": 1.1361218690872192
    },
    "score_terms": {
      "prompt_failure": 0.0011931544709589334,
      "output_diverge": 0.06857601624937479,
      "stealth_penalty": 0.0
    }
  },
  "score": 0.07334863413321052,
  "valid": true,
  "method_displacement": {
    "rolling": {
      "max_dx_px": 0.11504492908716202,
      "max_dy_px": 0.0,
      "max_magnitude_px": 0.11504492908716202,
      "mean_magnitude_px": 0.0127479936927557,
      "p95_magnitude_px": 0.08545126020908356
    },
    "grid": {
      "max_dx_px": 0.22390177845954895,
      "max_dy_px": 0.4460334777832031,
      "max_magnitude_px": 0.4855864942073822,
      "mean_magnitude_px": 0.030764078721404076,
      "p95_magnitude_px": 0.179653137922287
    },
    "dct": {
      "max_dx_px": 1.0863879919052124,
      "max_dy_px": 1.079337239265442,
      "max_magnitude_px": 1.4234790802001953,
      "mean_magnitude_px": 0.16300946474075317,
      "p95_magnitude_px": 0.9504318237304688
    },
    "tps": {
      "max_dx_px": 0.14522774517536163,
      "max_dy_px": 0.24391435086727142,
      "max_magnitude_px": 0.2743013799190521,
      "mean_magnitude_px": 0.026751533150672913,
      "p95_magnitude_px": 0.18677709996700287
    },
    "piecewise": {
      "max_dx_px": 0.09225811064243317,
      "max_dy_px": 0.2507506012916565,
      "max_magnitude_px": 0.25082266330718994,
      "mean_magnitude_px": 0.016984056681394577,
      "p95_magnitude_px": 0.11116788536310196
    }
  },
  "gate_values": {
    "tps": 0.8714788556098938,
    "piecewise": 0.8599569797515869,
    "dct": 0.8128622770309448,
    "grid": 0.8826332092285156,
    "rolling": 0.869674026966095
  },
  "outputs": {
    "original": "/workspace/output/geo_whitebox_results_20260614_172707/blackbox/men74_smile_mouth_g8p12/cand_051_g05_m03/original.png",
    "perturbed": "/workspace/output/geo_whitebox_results_20260614_172707/blackbox/men74_smile_mouth_g8p12/cand_051_g05_m03/perturbed.png",
    "original_diffused": "/workspace/output/geo_whitebox_results_20260614_172707/blackbox/men74_smile_mouth_g8p12/cand_051_g05_m03/original_diffused.png",
    "perturbed_diffused": "/workspace/output/geo_whitebox_results_20260614_172707/blackbox/men74_smile_mouth_g8p12/cand_051_g05_m03/perturbed_diffused.png",
    "flow": "/workspace/output/geo_whitebox_results_20260614_172707/blackbox/men74_smile_mouth_g8p12/cand_051_g05_m03/flow.png",
    "report": "/workspace/output/geo_whitebox_results_20260614_172707/blackbox/men74_smile_mouth_g8p12/cand_051_g05_m03/report.json"
  }
}