{
  "config": {
    "input": "/workspace/gender_dataset/men/51.jpg",
    "prompt": "turn the image into a professional headshot",
    "output_dir": "/workspace/output/geo_whitebox_results_20260614_172707/blackbox/men51_headshot_local_from_whitebox_g6p12",
    "seed": 7401,
    "max_size": 512,
    "diffusion_steps": 4,
    "guidance_scale": 1.0,
    "max_sequence_length": 512,
    "text_encoder_out_layers": [
      9,
      18,
      27
    ],
    "torch_dtype": "bfloat16",
    "methods": [
      "tps",
      "piecewise",
      "dct",
      "rolling"
    ],
    "objective": "final_edit_blackbox",
    "attack_iters": 0,
    "lr": 0.08,
    "max_disp_px": 2.5,
    "init_scale_px": 0.0,
    "grid_size": 6,
    "dct_size": 4,
    "rbf_size": 5,
    "rbf_sigma": 0.55,
    "tps_size": 5,
    "piecewise_size": 5,
    "padding_mode": "reflection",
    "face_mask": "face",
    "face_center_x": 0.4208984375,
    "face_center_y": 0.2930952380952381,
    "face_radius_x": 0.22,
    "face_radius_y": 0.3,
    "use_gates": true,
    "gate_init": 2.0,
    "lambda_visual": 30.0,
    "lambda_disp": 0.1,
    "lambda_smooth": 0.2,
    "lambda_fold": 5.0,
    "lambda_method_l1": 0.02,
    "lambda_gate_l1": 0.01,
    "hybrid_vae_weight": 0.2,
    "feature_layers": [
      0,
      4,
      8
    ],
    "feature_source": "blocks",
    "objective_timestep": 0,
    "objective_timesteps": [
      0
    ],
    "edge_falloff_px": 16.0,
    "save_theta": true
  },
  "projected_parameters_finite": true,
  "metrics": {
    "input": {
      "psnr": 38.9855291390118,
      "ssim": 0.9874738901177166,
      "l2": 0.011238893168725164,
      "mean_abs": 0.0025932935532182455,
      "max_abs": 0.345098078250885
    },
    "output": {
      "psnr": 32.02891823512176,
      "ssim": 0.9793966858211628,
      "l2": 0.025035374264892028,
      "mean_abs": 0.006510674953460693,
      "max_abs": 0.7647058963775635
    },
    "clean_edit": {
      "psnr": 13.235801921706294,
      "ssim": 0.5809445748915938,
      "l2": 0.21787625609761865,
      "mean_abs": 0.15768350660800934,
      "max_abs": 0.9607843160629272
    },
    "perturbed_edit": {
      "psnr": 13.241193625834747,
      "ssim": 0.5841018426286194,
      "l2": 0.21774105293099055,
      "mean_abs": 0.15739762783050537,
      "max_abs": 0.9607843160629272
    },
    "displacement": {
      "max_dx_px": 1.0951690673828125,
      "max_dy_px": 0.6031712889671326,
      "max_magnitude_px": 1.1237578392028809,
      "mean_magnitude_px": 0.1108894944190979,
      "p95_magnitude_px": 0.5986341834068298
    },
    "score_terms": {
      "prompt_failure": 0.0001352031666281006,
      "output_diverge": 0.20759012803980897,
      "stealth_penalty": 0.0
    }
  },
  "score": 0.20813094070632138,
  "valid": true,
  "method_displacement": {
    "rolling": {
      "max_dx_px": 0.1292402595281601,
      "max_dy_px": 0.0,
      "max_magnitude_px": 0.1292402595281601,
      "mean_magnitude_px": 0.013633419759571552,
      "p95_magnitude_px": 0.08745875209569931
    },
    "dct": {
      "max_dx_px": 0.9362484216690063,
      "max_dy_px": 0.6147434711456299,
      "max_magnitude_px": 0.9652337431907654,
      "mean_magnitude_px": 0.1079745888710022,
      "p95_magnitude_px": 0.5962995290756226
    },
    "tps": {
      "max_dx_px": 0.11749415844678879,
      "max_dy_px": 0.0692279264330864,
      "max_magnitude_px": 0.13611964881420135,
      "mean_magnitude_px": 0.011497214436531067,
      "p95_magnitude_px": 0.07838154584169388
    },
    "piecewise": {
      "max_dx_px": 0.1489831954240799,
      "max_dy_px": 0.09457660466432571,
      "max_magnitude_px": 0.17646734416484833,
      "mean_magnitude_px": 0.015080210752785206,
      "p95_magnitude_px": 0.09441092610359192
    }
  },
  "gate_values": {
    "tps": 0.4047996401786804,
    "piecewise": 0.3891485035419464,
    "dct": 0.5956903696060181,
    "rolling": 0.5519561767578125
  },
  "outputs": {
    "original": "/workspace/output/geo_whitebox_results_20260614_172707/blackbox/men51_headshot_local_from_whitebox_g6p12/cand_038_g04_m02/original.png",
    "perturbed": "/workspace/output/geo_whitebox_results_20260614_172707/blackbox/men51_headshot_local_from_whitebox_g6p12/cand_038_g04_m02/perturbed.png",
    "original_diffused": "/workspace/output/geo_whitebox_results_20260614_172707/blackbox/men51_headshot_local_from_whitebox_g6p12/cand_038_g04_m02/original_diffused.png",
    "perturbed_diffused": "/workspace/output/geo_whitebox_results_20260614_172707/blackbox/men51_headshot_local_from_whitebox_g6p12/cand_038_g04_m02/perturbed_diffused.png",
    "flow": "/workspace/output/geo_whitebox_results_20260614_172707/blackbox/men51_headshot_local_from_whitebox_g6p12/cand_038_g04_m02/flow.png",
    "report": "/workspace/output/geo_whitebox_results_20260614_172707/blackbox/men51_headshot_local_from_whitebox_g6p12/cand_038_g04_m02/report.json"
  }
}