{
  "config": {
    "input": "/workspace/gender_dataset/men/57.jpg",
    "prompt": "make the person older",
    "output_dir": "/workspace/output/geo_whitebox_results_20260614_172707/search/geo_pass3/05_men57_older_tps_piecewise_dct_rolling_hybrid_hidden_2.3px",
    "seed": 5205,
    "max_size": 512,
    "diffusion_steps": 4,
    "guidance_scale": 1.0,
    "max_sequence_length": 512,
    "text_encoder_out_layers": [
      9,
      18,
      27
    ],
    "torch_dtype": "bfloat16",
    "methods": [
      "tps",
      "piecewise",
      "dct",
      "rolling"
    ],
    "objective": "hybrid_hidden",
    "attack_iters": 34,
    "lr": 0.009,
    "max_disp_px": 2.3,
    "init_scale_px": 0.08,
    "grid_size": 6,
    "dct_size": 4,
    "rbf_size": 5,
    "rbf_sigma": 0.55,
    "tps_size": 5,
    "piecewise_size": 5,
    "padding_mode": "reflection",
    "face_mask": "face",
    "face_center_x": 0.49609375,
    "face_center_y": 0.5788888888888889,
    "face_radius_x": 0.29257812499999997,
    "face_radius_y": 0.6093055555555555,
    "use_gates": true,
    "gate_init": 2.0,
    "lambda_visual": 10.0,
    "lambda_disp": 0.04,
    "lambda_smooth": 0.08,
    "lambda_fold": 5.0,
    "lambda_method_l1": 0.01,
    "lambda_gate_l1": 0.01,
    "hybrid_vae_weight": 0.2,
    "feature_layers": [
      0,
      4,
      8
    ],
    "feature_source": "blocks",
    "objective_timestep": 0,
    "objective_timesteps": [
      0
    ],
    "edge_falloff_px": 16.0,
    "save_theta": true
  },
  "model_id": "black-forest-labs/FLUX.2-klein-4B",
  "device": "cuda:0",
  "elapsed_seconds": 9.950793330091983,
  "detected_face_fraction": [
    0.49609375,
    0.5788888888888889,
    0.29257812499999997,
    0.6093055555555555
  ],
  "metrics": {
    "input": {
      "psnr": 41.59900050980948,
      "ssim": 0.9900685561425959,
      "l2": 0.008318594881331527,
      "mean_abs": 0.003389157587662339,
      "max_abs": 0.2078431397676468
    },
    "output": {
      "psnr": 41.34267614921052,
      "ssim": 0.9940307030084236,
      "l2": 0.008567738299183947,
      "mean_abs": 0.00454544834792614,
      "max_abs": 0.40392154455184937
    },
    "displacement": {
      "max_dx_px": 0.5421106219291687,
      "max_dy_px": 0.6264997124671936,
      "max_magnitude_px": 0.6391787528991699,
      "mean_magnitude_px": 0.15405122935771942,
      "p95_magnitude_px": 0.5045830607414246
    },
    "jacobian": {
      "jacobian_det_min": 0.9561989307403564,
      "jacobian_det_mean": 1.000000238418579,
      "foldover_fraction_det_below_0": 0.0,
      "low_det_fraction_below_0p2": 0.0
    }
  },
  "attack": {
    "history": [
      {
        "iter": 1,
        "projected_parameters_finite": false,
        "loss": -0.035614013671875,
        "objective": 0.04582841694355011,
        "pred_mse": 0.003550939727574587,
        "vae_mse": 0.011843978427350521,
        "feature_mse": 0.04257188364863396,
        "visual_mse": 6.867935007903725e-05,
        "disp_penalty": 0.010247056372463703,
        "smooth": 0.0020093515049666166,
        "fold": 0.0,
        "method_l1": 0.01490100659430027,
        "gate_l1": 0.8807970285415649,
        "max_dx_px": 0.5421106219291687,
        "max_dy_px": 0.6264997124671936,
        "max_magnitude_px": 0.6391787528991699,
        "mean_magnitude_px": 0.15405122935771942,
        "p95_magnitude_px": 0.5045830607414246,
        "jacobian_det_min": 0.9561989307403564,
        "jacobian_det_mean": 1.000000238418579,
        "foldover_fraction_det_below_0": 0.0,
        "low_det_fraction_below_0p2": 0.0
      },
      {
        "iter": 4,
        "projected_parameters_finite": false,
        "loss": -0.0018332907930016518,
        "objective": 0.006833290681242943,
        "pred_mse": 0.00022311529028229415,
        "vae_mse": 2.4638738977955654e-05,
        "feature_mse": 0.006772584281861782,
        "visual_mse": 7.065025241269687e-14,
        "disp_penalty": 0.0,
        "smooth": 0.0,
        "fold": 0.0,
        "method_l1": 0.0,
        "gate_l1": 0.5,
        "max_dx_px": 0.0,
        "max_dy_px": 0.0,
        "max_magnitude_px": 0.0,
        "mean_magnitude_px": 0.0,
        "p95_magnitude_px": 0.0,
        "jacobian_det_min": 1.0,
        "jacobian_det_mean": 1.0,
        "foldover_fraction_det_below_0": 0.0,
        "low_det_fraction_below_0p2": 0.0
      },
      {
        "iter": 8,
        "projected_parameters_finite": false,
        "loss": -0.0018332907930016518,
        "objective": 0.006833290681242943,
        "pred_mse": 0.00022311529028229415,
        "vae_mse": 2.4638738977955654e-05,
        "feature_mse": 0.006772584281861782,
        "visual_mse": 7.065025241269687e-14,
        "disp_penalty": 0.0,
        "smooth": 0.0,
        "fold": 0.0,
        "method_l1": 0.0,
        "gate_l1": 0.5,
        "max_dx_px": 0.0,
        "max_dy_px": 0.0,
        "max_magnitude_px": 0.0,
        "mean_magnitude_px": 0.0,
        "p95_magnitude_px": 0.0,
        "jacobian_det_min": 1.0,
        "jacobian_det_mean": 1.0,
        "foldover_fraction_det_below_0": 0.0,
        "low_det_fraction_below_0p2": 0.0
      },
      {
        "iter": 12,
        "projected_parameters_finite": false,
        "loss": -0.0018332907930016518,
        "objective": 0.006833290681242943,
        "pred_mse": 0.00022311529028229415,
        "vae_mse": 2.4638738977955654e-05,
        "feature_mse": 0.006772584281861782,
        "visual_mse": 7.065025241269687e-14,
        "disp_penalty": 0.0,
        "smooth": 0.0,
        "fold": 0.0,
        "method_l1": 0.0,
        "gate_l1": 0.5,
        "max_dx_px": 0.0,
        "max_dy_px": 0.0,
        "max_magnitude_px": 0.0,
        "mean_magnitude_px": 0.0,
        "p95_magnitude_px": 0.0,
        "jacobian_det_min": 1.0,
        "jacobian_det_mean": 1.0,
        "foldover_fraction_det_below_0": 0.0,
        "low_det_fraction_below_0p2": 0.0
      },
      {
        "iter": 16,
        "projected_parameters_finite": false,
        "loss": -0.0018332907930016518,
        "objective": 0.006833290681242943,
        "pred_mse": 0.00022311529028229415,
        "vae_mse": 2.4638738977955654e-05,
        "feature_mse": 0.006772584281861782,
        "visual_mse": 7.065025241269687e-14,
        "disp_penalty": 0.0,
        "smooth": 0.0,
        "fold": 0.0,
        "method_l1": 0.0,
        "gate_l1": 0.5,
        "max_dx_px": 0.0,
        "max_dy_px": 0.0,
        "max_magnitude_px": 0.0,
        "mean_magnitude_px": 0.0,
        "p95_magnitude_px": 0.0,
        "jacobian_det_min": 1.0,
        "jacobian_det_mean": 1.0,
        "foldover_fraction_det_below_0": 0.0,
        "low_det_fraction_below_0p2": 0.0
      },
      {
        "iter": 20,
        "projected_parameters_finite": false,
        "loss": -0.0018332907930016518,
        "objective": 0.006833290681242943,
        "pred_mse": 0.00022311529028229415,
        "vae_mse": 2.4638738977955654e-05,
        "feature_mse": 0.006772584281861782,
        "visual_mse": 7.065025241269687e-14,
        "disp_penalty": 0.0,
        "smooth": 0.0,
        "fold": 0.0,
        "method_l1": 0.0,
        "gate_l1": 0.5,
        "max_dx_px": 0.0,
        "max_dy_px": 0.0,
        "max_magnitude_px": 0.0,
        "mean_magnitude_px": 0.0,
        "p95_magnitude_px": 0.0,
        "jacobian_det_min": 1.0,
        "jacobian_det_mean": 1.0,
        "foldover_fraction_det_below_0": 0.0,
        "low_det_fraction_below_0p2": 0.0
      },
      {
        "iter": 24,
        "projected_parameters_finite": false,
        "loss": -0.0018332907930016518,
        "objective": 0.006833290681242943,
        "pred_mse": 0.00022311529028229415,
        "vae_mse": 2.4638738977955654e-05,
        "feature_mse": 0.006772584281861782,
        "visual_mse": 7.065025241269687e-14,
        "disp_penalty": 0.0,
        "smooth": 0.0,
        "fold": 0.0,
        "method_l1": 0.0,
        "gate_l1": 0.5,
        "max_dx_px": 0.0,
        "max_dy_px": 0.0,
        "max_magnitude_px": 0.0,
        "mean_magnitude_px": 0.0,