{
  "iteration": 7,
  "label": "restart_0_random_6",
  "loss": -28.482654415400717,
  "loss_components": {
    "input_psnr_penalty": 2.6736867060276728,
    "input_ssim_penalty": 0.0,
    "pre_identity_penalty": 0.0,
    "post_identity_reward": -28.65395221360518,
    "output_vae_distance_reward": -1.2295022115621295,
    "flux_transformer_feature_reward": -0.0047977140259182205,
    "output_pixel_l2_reward": -0.274309099734282,
    "output_ssim_drop_reward": -1.015583062331364,
    "parameter_regularization_penalty": 0.021803179830481724
  },
  "metrics": {
    "input_stealth": {
      "psnr": 21.507327144005405,
      "ssim": 0.7967154272776442
    },
    "output_disruption": {
      "pixel_l2": 0.09143636657809401,
      "ssim": 0.746104234417159,
      "ssim_drop": 0.253895765582841
    },
    "identity": {
      "pre": {
        "models": {
          "SFace": {
            "enabled": true,
            "ok": true,
            "source": "direct_embedding",
            "similarity_percent": 96.39841402334658,
            "distance_percent": 3.601585976653425,
            "raw_distance": 0.07203171953306842,
            "threshold": null,
            "embedding_l2": 0.38127640547175295
          },
          "OpenFace": {
            "enabled": false,
            "skipped": true
          },
          "Facenet": {
            "enabled": false,
            "skipped": true
          },
          "Facenet512": {
            "enabled": true,
            "ok": true,
            "source": "direct_embedding",
            "similarity_percent": 98.04449747340554,
            "distance_percent": 1.955502526594458,
            "raw_distance": 0.039110050531889096,
            "threshold": null,
            "embedding_l2": 0.25963348760267874
          }
        },
        "mean_similarity_percent": 97.22145574837606,
        "mean_distance_percent": 2.7785442516239414,
        "ok_model_count": 2
      },
      "post": {
        "models": {
          "SFace": {
            "enabled": true,
            "ok": true,
            "source": "direct_embedding",
            "similarity_percent": 95.64709737299901,
            "distance_percent": 4.3529026270009865,
            "raw_distance": 0.08705805254001964,
            "threshold": null,
            "embedding_l2": 0.4045405497057278
          },
          "OpenFace": {
            "enabled": false,
            "skipped": true
          },
          "Facenet": {
            "enabled": false,
            "skipped": true
          },
          "Facenet512": {
            "enabled": true,
            "ok": true,
            "source": "direct_embedding",
            "similarity_percent": 97.18941457359969,
            "distance_percent": 2.8105854264003085,
            "raw_distance": 0.056211708528006166,
            "threshold": null,
            "embedding_l2": 0.3316390225560526
          }
        },
        "mean_similarity_percent": 96.41825597329935,
        "mean_distance_percent": 3.5817440267006475,
        "ok_model_count": 2
      }
    },
    "vae_latent": {
      "output": {
        "l2": 1.2295022115621295,
        "cosine_distance": 0.30923547735248724
      }
    },
    "flux_transformer": {
      "enabled": true,
      "available": true,
      "capture_method": "forward_hook",
      "distance_type": "cosine",
      "weight": 1.0,
      "use_input_features": false,
      "use_denoising_features": true,
      "original": {
        "enabled": true,
        "available": true,
        "capture_method": "forward_hook",
        "use_input_features": false,
        "use_denoising_features": true,
        "requested_layers": [
          "auto"
        ],
        "layers_captured": [
          "single_transformer_blocks.19",
          "single_transformer_blocks.7",
          "transformer_blocks.0"
        ],
        "requested_timesteps": [
          "early",
          "middle"
        ],
        "timesteps_captured": [
          "early",
          "middle"
        ],
        "feature_shapes": [
          {
            "layer": "transformer_blocks.0",
            "shape": [
              1,
              512,
              3072
            ],
            "timestep": "early"
          },
          {
            "layer": "single_transformer_blocks.7",
            "shape": [
              1,
              4640,
              3072
            ],
            "timestep": "early"
          },
          {
            "layer": "single_transformer_blocks.19",
            "shape": [
              1,
              4640,
              3072
            ],
            "timestep": "early"
          },
          {
            "layer": "transformer_blocks.0",
            "shape": [
              1,
              512,
              3072
            ],
            "timestep": "early"
          },
          {
            "layer": "single_transformer_blocks.7",
            "shape": [
              1,
              4640,
              3072
            ],
            "timestep": "middle"
          },
          {
            "layer": "single_transformer_blocks.19",
            "shape": [
              1,
              4640,
              3072
            ],
            "timestep": "middle"
          },
          {
            "layer": "transformer_blocks.0",
            "shape": [
              1,
              512,
              3072
            ],
            "timestep": "middle"
          },
          {
            "layer": "single_transformer_blocks.7",
            "shape": [
              1,
              4640,
              3072
            ],
            "timestep": "middle"
          }
        ],
        "pooled_feature_shapes": [
          {
            "layer": "transformer_blocks.0",
            "shape": [
              3072
            ],
            "timestep": "early"
          },
          {
            "layer": "single_transformer_blocks.7",
            "shape": [
              3072
            ],
            "timestep": "early"
          },
          {
            "layer": "single_transformer_blocks.19",
            "shape": [
              3072
            ],
            "timestep": "early"
          },
          {
            "layer": "transformer_blocks.0",
            "shape": [
              3072
            ],
            "timestep": "early"
          },
          {
            "layer": "single_transformer_blocks.7",
            "shape": [
              3072
            ],
            "timestep": "middle"
          },
          {
            "layer": "single_transformer_blocks.19",
            "shape": [
              3072
            ],
            "timestep": "middle"
          },
          {
            "layer": "transformer_blocks.0",
            "shape": [
              3072
            ],
            "timestep": "middle"
          },
          {
            "layer": "single_transformer_blocks.7",
            "shape": [
              3072
            ],
            "timestep": "middle"
          }
        ],
        "captured_call_count": 12,
        "included_feature_count": 8,
        "warnings": [
          "Timestep labels are approximated from forward-hook call order."
        ]
      },
      "candidate": {
        "enabled": true,
        "available": true,
        "capture_method": "forward_hook",
        "use_input_features": false,
        "use_denoising_features": true,
        "requested_layers": [
          "auto"
        ],
        "layers_captured": [
          "single_transformer_blocks.19",
          "single_transformer_blocks.7",
          "transformer_blocks.0"
        ],
        "requested_timesteps": [
          "early",
          "middle"
        ],
        "timesteps_captured": [
          "early",
          "middle"
        ],
        "feature_shapes": [
          {
            "layer": "transformer_blocks.0",
            "shape": [
              1,
              512,
              3072
            ],