{
  "config": {
    "input": "/workspace/gender_dataset/men/74.jpg",
    "prompt": "make the person smile",
    "output_dir": "/workspace/output/geo_whitebox_results_20260614_172707/blackbox/men74_smile_mouth_g8p12",
    "seed": 7701,
    "max_size": 512,
    "diffusion_steps": 4,
    "guidance_scale": 1.0,
    "max_sequence_length": 512,
    "text_encoder_out_layers": [
      9,
      18,
      27
    ],
    "torch_dtype": "bfloat16",
    "methods": [
      "tps",
      "piecewise",
      "dct",
      "grid",
      "rolling"
    ],
    "objective": "final_edit_blackbox",
    "attack_iters": 0,
    "lr": 0.08,
    "max_disp_px": 2.0,
    "init_scale_px": 0.0,
    "grid_size": 6,
    "dct_size": 4,
    "rbf_size": 5,
    "rbf_sigma": 0.55,
    "tps_size": 5,
    "piecewise_size": 5,
    "padding_mode": "reflection",
    "face_mask": "mouth",
    "face_center_x": 0.525,
    "face_center_y": 0.41046875,
    "face_radius_x": 0.33599999999999997,
    "face_radius_y": 0.3075,
    "use_gates": true,
    "gate_init": 2.0,
    "lambda_visual": 30.0,
    "lambda_disp": 0.1,
    "lambda_smooth": 0.2,
    "lambda_fold": 5.0,
    "lambda_method_l1": 0.02,
    "lambda_gate_l1": 0.01,
    "hybrid_vae_weight": 0.2,
    "feature_layers": [
      0,
      4,
      8
    ],
    "feature_source": "blocks",
    "objective_timestep": 0,
    "objective_timesteps": [
      0
    ],
    "edge_falloff_px": 16.0,
    "save_theta": true
  },
  "projected_parameters_finite": true,
  "metrics": {
    "input": {
      "psnr": 39.95469037244125,
      "ssim": 0.9859186514345453,
      "l2": 0.010052300930846426,
      "mean_abs": 0.0026299715973436832,
      "max_abs": 0.3019607961177826
    },
    "output": {
      "psnr": 41.923718981404356,
      "ssim": 0.9908228958274039,
      "l2": 0.00801334887529319,
      "mean_abs": 0.002589097246527672,
      "max_abs": 0.21568629145622253
    },
    "clean_edit": {
      "psnr": 25.388044532960432,
      "ssim": 0.9410846748368386,
      "l2": 0.05377714887769222,
      "mean_abs": 0.044717803597450256,
      "max_abs": 0.7372549176216125
    },
    "perturbed_edit": {
      "psnr": 25.59215600602583,
      "ssim": 0.9460743957865104,
      "l2": 0.052528161385712126,
      "mean_abs": 0.04401254281401634,
      "max_abs": 0.7098039388656616
    },
    "displacement": {
      "max_dx_px": 1.5083057880401611,
      "max_dy_px": 1.2806340456008911,
      "max_magnitude_px": 1.6502865552902222,
      "mean_magnitude_px": 0.2100740224123001,
      "p95_magnitude_px": 1.234155297279358
    },
    "score_terms": {
      "prompt_failure": 0.0012489874919800956,
      "output_diverge": 0.07677516106685034,
      "stealth_penalty": 0.0
    }
  },
  "score": 0.08177111103477072,
  "valid": true,
  "method_displacement": {
    "rolling": {
      "max_dx_px": 0.0827038511633873,
      "max_dy_px": 0.0,
      "max_magnitude_px": 0.0827038511633873,
      "mean_magnitude_px": 0.009851017035543919,
      "p95_magnitude_px": 0.06989780068397522
    },
    "grid": {
      "max_dx_px": 0.4276807904243469,
      "max_dy_px": 0.3317045271396637,
      "max_magnitude_px": 0.5024570226669312,
      "mean_magnitude_px": 0.035279642790555954,
      "p95_magnitude_px": 0.2508004605770111
    },
    "dct": {
      "max_dx_px": 1.1634271144866943,
      "max_dy_px": 1.1630237102508545,
      "max_magnitude_px": 1.3620960712432861,
      "mean_magnitude_px": 0.1739608645439148,
      "p95_magnitude_px": 1.0328503847122192
    },
    "tps": {
      "max_dx_px": 0.254355788230896,
      "max_dy_px": 0.27272292971611023,
      "max_magnitude_px": 0.30160948634147644,
      "mean_magnitude_px": 0.034336794167757034,
      "p95_magnitude_px": 0.22131109237670898
    },
    "piecewise": {
      "max_dx_px": 0.2102707326412201,
      "max_dy_px": 0.179568812251091,
      "max_magnitude_px": 0.21030552685260773,
      "mean_magnitude_px": 0.02300920896232128,
      "p95_magnitude_px": 0.14828842878341675
    }
  },
  "gate_values": {
    "tps": 0.8744128346443176,
    "piecewise": 0.8760455250740051,
    "dct": 0.8172969818115234,
    "grid": 0.9054993987083435,
    "rolling": 0.8755660057067871
  },
  "outputs": {
    "original": "/workspace/output/geo_whitebox_results_20260614_172707/blackbox/men74_smile_mouth_g8p12/cand_066_g06_m06/original.png",
    "perturbed": "/workspace/output/geo_whitebox_results_20260614_172707/blackbox/men74_smile_mouth_g8p12/cand_066_g06_m06/perturbed.png",
    "original_diffused": "/workspace/output/geo_whitebox_results_20260614_172707/blackbox/men74_smile_mouth_g8p12/cand_066_g06_m06/original_diffused.png",
    "perturbed_diffused": "/workspace/output/geo_whitebox_results_20260614_172707/blackbox/men74_smile_mouth_g8p12/cand_066_g06_m06/perturbed_diffused.png",
    "flow": "/workspace/output/geo_whitebox_results_20260614_172707/blackbox/men74_smile_mouth_g8p12/cand_066_g06_m06/flow.png",
    "report": "/workspace/output/geo_whitebox_results_20260614_172707/blackbox/men74_smile_mouth_g8p12/cand_066_g06_m06/report.json"
  }
}