{
  "generation": 1,
  "elite_rows": [
    {
      "name": "cand_001_g01_m01",
      "output_dir": "/workspace/output/geo_whitebox_results_20260614_172707/blackbox/men51_headshot_tps_piecewise_dct_rolling_face_g5p12/cand_001_g01_m01",
      "generation": 1,
      "score": -10.0,
      "valid": false,
      "input_psnr": 30.27930189054817,
      "input_ssim": 0.9421697705637282,
      "output_ssim": 1.0,
      "output_l2": 0.0,
      "clean_edit_l2": 0.0,
      "pert_edit_l2": 0.0,
      "max_disp": 2.500000476837158,
      "mean_disp": 0.40909916162490845,
      "p95_disp": 2.5,
      "rank": 1
    },
    {
      "name": "cand_002_g01_m02",
      "output_dir": "/workspace/output/geo_whitebox_results_20260614_172707/blackbox/men51_headshot_tps_piecewise_dct_rolling_face_g5p12/cand_002_g01_m02",
      "generation": 1,
      "score": -10.0,
      "valid": false,
      "input_psnr": 31.10993843096403,
      "input_ssim": 0.9492930403229881,
      "output_ssim": 1.0,
      "output_l2": 0.0,
      "clean_edit_l2": 0.0,
      "pert_edit_l2": 0.0,
      "max_disp": 2.500000476837158,
      "mean_disp": 0.3426826596260071,
      "p95_disp": 2.149080514907837,
      "rank": 2
    },
    {
      "name": "cand_003_g01_m03",
      "output_dir": "/workspace/output/geo_whitebox_results_20260614_172707/blackbox/men51_headshot_tps_piecewise_dct_rolling_face_g5p12/cand_003_g01_m03",
      "generation": 1,
      "score": -10.0,
      "valid": false,
      "input_psnr": 30.16924825529996,
      "input_ssim": 0.9408693111773201,
      "output_ssim": 1.0,
      "output_l2": 0.0,
      "clean_edit_l2": 0.0,
      "pert_edit_l2": 0.0,
      "max_disp": 2.500000476837158,
      "mean_disp": 0.4498724341392517,
      "p95_disp": 2.5,
      "rank": 3
    }
  ],
  "mean_abs": 0.4818137288093567,
  "std_mean": 0.7423258423805237
}