{
  "config": {
    "input": "/workspace/gender_dataset/men/51.jpg",
    "prompt": "turn the image into a professional headshot",
    "output_dir": "/workspace/output/geo_whitebox_results_20260614_172707/blackbox/men51_headshot_local_seed5203_g6p12",
    "seed": 5203,
    "max_size": 512,
    "diffusion_steps": 4,
    "guidance_scale": 1.0,
    "max_sequence_length": 512,
    "text_encoder_out_layers": [
      9,
      18,
      27
    ],
    "torch_dtype": "bfloat16",
    "methods": [
      "tps",
      "piecewise",
      "dct",
      "rolling"
    ],
    "objective": "final_edit_blackbox",
    "attack_iters": 0,
    "lr": 0.08,
    "max_disp_px": 2.5,
    "init_scale_px": 0.0,
    "grid_size": 6,
    "dct_size": 4,
    "rbf_size": 5,
    "rbf_sigma": 0.55,
    "tps_size": 5,
    "piecewise_size": 5,
    "padding_mode": "reflection",
    "face_mask": "face",
    "face_center_x": 0.4208984375,
    "face_center_y": 0.2930952380952381,
    "face_radius_x": 0.22,
    "face_radius_y": 0.3,
    "use_gates": true,
    "gate_init": 2.0,
    "lambda_visual": 30.0,
    "lambda_disp": 0.1,
    "lambda_smooth": 0.2,
    "lambda_fold": 5.0,
    "lambda_method_l1": 0.02,
    "lambda_gate_l1": 0.01,
    "hybrid_vae_weight": 0.2,
    "feature_layers": [
      0,
      4,
      8
    ],
    "feature_source": "blocks",
    "objective_timestep": 0,
    "objective_timesteps": [
      0
    ],
    "edge_falloff_px": 16.0,
    "save_theta": true
  },
  "projected_parameters_finite": true,
  "metrics": {
    "input": {
      "psnr": 39.103097455067456,
      "ssim": 0.9889419984347261,
      "l2": 0.011087793455081136,
      "mean_abs": 0.0026066964492201805,
      "max_abs": 0.3490196168422699
    },
    "output": {
      "psnr": 20.316084344918657,
      "ssim": 0.9266124698887985,
      "l2": 0.09642636219179589,
      "mean_abs": 0.03171571344137192,
      "max_abs": 0.9058823585510254
    },
    "clean_edit": {
      "psnr": 13.513728419151365,
      "ssim": 0.585137327901636,
      "l2": 0.21101512187176083,
      "mean_abs": 0.16538751125335693,
      "max_abs": 0.9411764740943909
    },
    "perturbed_edit": {
      "psnr": 14.006679292904675,
      "ssim": 0.5923139841895327,
      "l2": 0.19937285839174257,
      "mean_abs": 0.15649215877056122,
      "max_abs": 0.9254902005195618
    },
    "displacement": {
      "max_dx_px": 0.7973151803016663,
      "max_dy_px": 0.8227505683898926,
      "max_magnitude_px": 0.9410755634307861,
      "mean_magnitude_px": 0.10852191597223282,
      "p95_magnitude_px": 0.6666914820671082
    },
    "score_terms": {
      "prompt_failure": 0.011642263480018261,
      "output_diverge": 0.7756819314037853,
      "stealth_penalty": 0.0
    }
  },
  "score": 0.8222509853238583,
  "valid": true,
  "method_displacement": {
    "rolling": {
      "max_dx_px": 0.12356474995613098,
      "max_dy_px": 0.0,
      "max_magnitude_px": 0.12356474995613098,
      "mean_magnitude_px": 0.013206828385591507,
      "p95_magnitude_px": 0.08215752243995667
    },
    "dct": {
      "max_dx_px": 0.6186437606811523,
      "max_dy_px": 0.7072927951812744,
      "max_magnitude_px": 0.8062545657157898,
      "mean_magnitude_px": 0.10352884232997894,
      "p95_magnitude_px": 0.5976616740226746
    },
    "tps": {
      "max_dx_px": 0.09360919147729874,
      "max_dy_px": 0.186009019613266,
      "max_magnitude_px": 0.19292841851711273,
      "mean_magnitude_px": 0.015978194773197174,
      "p95_magnitude_px": 0.09377043694257736
    },
    "piecewise": {
      "max_dx_px": 0.18869607150554657,
      "max_dy_px": 0.1394592523574829,
      "max_magnitude_px": 0.18950539827346802,
      "mean_magnitude_px": 0.02130737528204918,
      "p95_magnitude_px": 0.12700384855270386
    }
  },
  "gate_values": {
    "tps": 0.4031223952770233,
    "piecewise": 0.41130271553993225,
    "dct": 0.5884705781936646,
    "rolling": 0.6279424428939819
  },
  "outputs": {
    "original": "/workspace/output/geo_whitebox_results_20260614_172707/blackbox/men51_headshot_local_seed5203_g6p12/cand_064_g06_m04/original.png",
    "perturbed": "/workspace/output/geo_whitebox_results_20260614_172707/blackbox/men51_headshot_local_seed5203_g6p12/cand_064_g06_m04/perturbed.png",
    "original_diffused": "/workspace/output/geo_whitebox_results_20260614_172707/blackbox/men51_headshot_local_seed5203_g6p12/cand_064_g06_m04/original_diffused.png",
    "perturbed_diffused": "/workspace/output/geo_whitebox_results_20260614_172707/blackbox/men51_headshot_local_seed5203_g6p12/cand_064_g06_m04/perturbed_diffused.png",
    "flow": "/workspace/output/geo_whitebox_results_20260614_172707/blackbox/men51_headshot_local_seed5203_g6p12/cand_064_g06_m04/flow.png",
    "report": "/workspace/output/geo_whitebox_results_20260614_172707/blackbox/men51_headshot_local_seed5203_g6p12/cand_064_g06_m04/report.json"
  }
}