{
  "config": {
    "input": "/workspace/gender_dataset/men/74.jpg",
    "prompt": "make the person smile",
    "output_dir": "/workspace/output/geo_whitebox_results_20260614_172707/blackbox/men74_smile_mouth_g8p12",
    "seed": 7701,
    "max_size": 512,
    "diffusion_steps": 4,
    "guidance_scale": 1.0,
    "max_sequence_length": 512,
    "text_encoder_out_layers": [
      9,
      18,
      27
    ],
    "torch_dtype": "bfloat16",
    "methods": [
      "tps",
      "piecewise",
      "dct",
      "grid",
      "rolling"
    ],
    "objective": "final_edit_blackbox",
    "attack_iters": 0,
    "lr": 0.08,
    "max_disp_px": 2.0,
    "init_scale_px": 0.0,
    "grid_size": 6,
    "dct_size": 4,
    "rbf_size": 5,
    "rbf_sigma": 0.55,
    "tps_size": 5,
    "piecewise_size": 5,
    "padding_mode": "reflection",
    "face_mask": "mouth",
    "face_center_x": 0.525,
    "face_center_y": 0.41046875,
    "face_radius_x": 0.33599999999999997,
    "face_radius_y": 0.3075,
    "use_gates": true,
    "gate_init": 2.0,
    "lambda_visual": 30.0,
    "lambda_disp": 0.1,
    "lambda_smooth": 0.2,
    "lambda_fold": 5.0,
    "lambda_method_l1": 0.02,
    "lambda_gate_l1": 0.01,
    "hybrid_vae_weight": 0.2,
    "feature_layers": [
      0,
      4,
      8
    ],
    "feature_source": "blocks",
    "objective_timestep": 0,
    "objective_timesteps": [
      0
    ],
    "edge_falloff_px": 16.0,
    "save_theta": true
  },
  "projected_parameters_finite": true,
  "metrics": {
    "input": {
      "psnr": 45.241057687444155,
      "ssim": 0.9949105375377533,
      "l2": 0.00546949356396,
      "mean_abs": 0.0014842154923826456,
      "max_abs": 0.19607843458652496
    },
    "output": {
      "psnr": 47.210839213449034,
      "ssim": 0.996143681988527,
      "l2": 0.004359714392686774,
      "mean_abs": 0.0017638378776609898,
      "max_abs": 0.13333335518836975
    },
    "clean_edit": {
      "psnr": 25.388044532960432,
      "ssim": 0.9410846748368386,
      "l2": 0.05377714887769222,
      "mean_abs": 0.044717803597450256,
      "max_abs": 0.7372549176216125
    },
    "perturbed_edit": {
      "psnr": 25.548226463471142,
      "ssim": 0.9435147524332583,
      "l2": 0.052794499472112025,
      "mean_abs": 0.043926943093538284,
      "max_abs": 0.7058823704719543
    },
    "displacement": {
      "max_dx_px": 0.7839885950088501,
      "max_dy_px": 0.8356085419654846,
      "max_magnitude_px": 0.9991769790649414,
      "mean_magnitude_px": 0.12324679642915726,
      "p95_magnitude_px": 0.71588534116745
    },
    "score_terms": {
      "prompt_failure": 0.0009826494055801965,
      "output_diverge": 0.03722384400932593,
      "stealth_penalty": 0.0
    }
  },
  "score": 0.041154441631646714,
  "valid": true,
  "method_displacement": {
    "rolling": {
      "max_dx_px": 0.24548910558223724,
      "max_dy_px": 0.0,
      "max_magnitude_px": 0.24548910558223724,
      "mean_magnitude_px": 0.028078816831111908,
      "p95_magnitude_px": 0.18552309274673462
    },
    "grid": {
      "max_dx_px": 0.26779961585998535,
      "max_dy_px": 0.23943710327148438,
      "max_magnitude_px": 0.26912346482276917,
      "mean_magnitude_px": 0.03345626965165138,
      "p95_magnitude_px": 0.21830974519252777
    },
    "dct": {
      "max_dx_px": 0.9838764071464539,
      "max_dy_px": 0.7217485904693604,
      "max_magnitude_px": 0.9994162917137146,
      "mean_magnitude_px": 0.11301357299089432,
      "p95_magnitude_px": 0.7572332620620728
    },
    "tps": {
      "max_dx_px": 0.11105214059352875,
      "max_dy_px": 0.16524885594844818,
      "max_magnitude_px": 0.17965799570083618,
      "mean_magnitude_px": 0.02111460641026497,
      "p95_magnitude_px": 0.13669301569461823
    },
    "piecewise": {
      "max_dx_px": 0.11644329130649567,
      "max_dy_px": 0.24601373076438904,
      "max_magnitude_px": 0.2707410752773285,
      "mean_magnitude_px": 0.017274007201194763,
      "p95_magnitude_px": 0.10247080773115158
    }
  },
  "gate_values": {
    "tps": 0.8647190928459167,
    "piecewise": 0.8709823489189148,
    "dct": 0.8255479335784912,
    "grid": 0.9144247174263,
    "rolling": 0.824058473110199
  },
  "outputs": {
    "original": "/workspace/output/geo_whitebox_results_20260614_172707/blackbox/men74_smile_mouth_g8p12/cand_021_g02_m09/original.png",
    "perturbed": "/workspace/output/geo_whitebox_results_20260614_172707/blackbox/men74_smile_mouth_g8p12/cand_021_g02_m09/perturbed.png",
    "original_diffused": "/workspace/output/geo_whitebox_results_20260614_172707/blackbox/men74_smile_mouth_g8p12/cand_021_g02_m09/original_diffused.png",
    "perturbed_diffused": "/workspace/output/geo_whitebox_results_20260614_172707/blackbox/men74_smile_mouth_g8p12/cand_021_g02_m09/perturbed_diffused.png",
    "flow": "/workspace/output/geo_whitebox_results_20260614_172707/blackbox/men74_smile_mouth_g8p12/cand_021_g02_m09/flow.png",
    "report": "/workspace/output/geo_whitebox_results_20260614_172707/blackbox/men74_smile_mouth_g8p12/cand_021_g02_m09/report.json"
  }
}