{
  "config": {
    "input": "/workspace/gender_dataset/men/74.jpg",
    "prompt": "make the person smile",
    "output_dir": "/workspace/output/geo_whitebox_results_20260614_172707/blackbox/men74_smile_mouth_g8p12",
    "seed": 7701,
    "max_size": 512,
    "diffusion_steps": 4,
    "guidance_scale": 1.0,
    "max_sequence_length": 512,
    "text_encoder_out_layers": [
      9,
      18,
      27
    ],
    "torch_dtype": "bfloat16",
    "methods": [
      "tps",
      "piecewise",
      "dct",
      "grid",
      "rolling"
    ],
    "objective": "final_edit_blackbox",
    "attack_iters": 0,
    "lr": 0.08,
    "max_disp_px": 2.0,
    "init_scale_px": 0.0,
    "grid_size": 6,
    "dct_size": 4,
    "rbf_size": 5,
    "rbf_sigma": 0.55,
    "tps_size": 5,
    "piecewise_size": 5,
    "padding_mode": "reflection",
    "face_mask": "mouth",
    "face_center_x": 0.525,
    "face_center_y": 0.41046875,
    "face_radius_x": 0.33599999999999997,
    "face_radius_y": 0.3075,
    "use_gates": true,
    "gate_init": 2.0,
    "lambda_visual": 30.0,
    "lambda_disp": 0.1,
    "lambda_smooth": 0.2,
    "lambda_fold": 5.0,
    "lambda_method_l1": 0.02,
    "lambda_gate_l1": 0.01,
    "hybrid_vae_weight": 0.2,
    "feature_layers": [
      0,
      4,
      8
    ],
    "feature_source": "blocks",
    "objective_timestep": 0,
    "objective_timesteps": [
      0
    ],
    "edge_falloff_px": 16.0,
    "save_theta": true
  },
  "projected_parameters_finite": true,
  "metrics": {
    "input": {
      "psnr": 39.60615068540519,
      "ssim": 0.9856970571614512,
      "l2": 0.010463873138506146,
      "mean_abs": 0.002735077403485775,
      "max_abs": 0.29019609093666077
    },
    "output": {
      "psnr": 41.72058966042524,
      "ssim": 0.9902846280051301,
      "l2": 0.008202958548792822,
      "mean_abs": 0.002788239624351263,
      "max_abs": 0.21176472306251526
    },
    "clean_edit": {
      "psnr": 25.388044532960432,
      "ssim": 0.9410846748368386,
      "l2": 0.05377714887769222,
      "mean_abs": 0.044717803597450256,
      "max_abs": 0.7372549176216125
    },
    "perturbed_edit": {
      "psnr": 25.576779003221905,
      "ssim": 0.9469562519618892,
      "l2": 0.05262123660499404,
      "mean_abs": 0.04425928741693497,
      "max_abs": 0.7176470756530762
    },
    "displacement": {
      "max_dx_px": 1.1627838611602783,
      "max_dy_px": 1.4281479120254517,
      "max_magnitude_px": 1.5056747198104858,
      "mean_magnitude_px": 0.2002348154783249,
      "p95_magnitude_px": 1.1510038375854492
    },
    "score_terms": {
      "prompt_failure": 0.0011559122726981785,
      "output_diverge": 0.07987628072344385,
      "stealth_penalty": 0.0
    }
  },
  "score": 0.08449992981423657,
  "valid": true,
  "method_displacement": {
    "rolling": {
      "max_dx_px": 0.26959607005119324,
      "max_dy_px": 0.0,
      "max_magnitude_px": 0.26959607005119324,
      "mean_magnitude_px": 0.029627885669469833,
      "p95_magnitude_px": 0.21089383959770203
    },
    "grid": {
      "max_dx_px": 0.2892577052116394,
      "max_dy_px": 0.29123127460479736,
      "max_magnitude_px": 0.3116132616996765,
      "mean_magnitude_px": 0.031145982444286346,
      "p95_magnitude_px": 0.20585772395133972
    },
    "dct": {
      "max_dx_px": 1.1127326488494873,
      "max_dy_px": 1.0366954803466797,
      "max_magnitude_px": 1.4540570974349976,
      "mean_magnitude_px": 0.15844015777111053,
      "p95_magnitude_px": 0.9154615998268127
    },
    "tps": {
      "max_dx_px": 0.30737850069999695,
      "max_dy_px": 0.4492613673210144,
      "max_magnitude_px": 0.4560272693634033,
      "mean_magnitude_px": 0.04884794354438782,
      "p95_magnitude_px": 0.30359506607055664
    },
    "piecewise": {
      "max_dx_px": 0.1661016345024109,
      "max_dy_px": 0.14914289116859436,
      "max_magnitude_px": 0.18396849930286407,
      "mean_magnitude_px": 0.019185800105333328,
      "p95_magnitude_px": 0.12459211051464081
    }
  },
  "gate_values": {
    "tps": 0.8829950094223022,
    "piecewise": 0.836317241191864,
    "dct": 0.8273141980171204,
    "grid": 0.8836700916290283,
    "rolling": 0.8582978844642639
  },
  "outputs": {
    "original": "/workspace/output/geo_whitebox_results_20260614_172707/blackbox/men74_smile_mouth_g8p12/cand_078_g07_m06/original.png",
    "perturbed": "/workspace/output/geo_whitebox_results_20260614_172707/blackbox/men74_smile_mouth_g8p12/cand_078_g07_m06/perturbed.png",
    "original_diffused": "/workspace/output/geo_whitebox_results_20260614_172707/blackbox/men74_smile_mouth_g8p12/cand_078_g07_m06/original_diffused.png",
    "perturbed_diffused": "/workspace/output/geo_whitebox_results_20260614_172707/blackbox/men74_smile_mouth_g8p12/cand_078_g07_m06/perturbed_diffused.png",
    "flow": "/workspace/output/geo_whitebox_results_20260614_172707/blackbox/men74_smile_mouth_g8p12/cand_078_g07_m06/flow.png",
    "report": "/workspace/output/geo_whitebox_results_20260614_172707/blackbox/men74_smile_mouth_g8p12/cand_078_g07_m06/report.json"
  }
}