{
  "config": {
    "input": "/workspace/gender_dataset/men/51.jpg",
    "prompt": "turn the image into a professional headshot",
    "output_dir": "/workspace/output/geo_whitebox_results_20260614_172707/blackbox/men51_headshot_local_from_whitebox_g6p12",
    "seed": 7401,
    "max_size": 512,
    "diffusion_steps": 4,
    "guidance_scale": 1.0,
    "max_sequence_length": 512,
    "text_encoder_out_layers": [
      9,
      18,
      27
    ],
    "torch_dtype": "bfloat16",
    "methods": [
      "tps",
      "piecewise",
      "dct",
      "rolling"
    ],
    "objective": "final_edit_blackbox",
    "attack_iters": 0,
    "lr": 0.08,
    "max_disp_px": 2.5,
    "init_scale_px": 0.0,
    "grid_size": 6,
    "dct_size": 4,
    "rbf_size": 5,
    "rbf_sigma": 0.55,
    "tps_size": 5,
    "piecewise_size": 5,
    "padding_mode": "reflection",
    "face_mask": "face",
    "face_center_x": 0.4208984375,
    "face_center_y": 0.2930952380952381,
    "face_radius_x": 0.22,
    "face_radius_y": 0.3,
    "use_gates": true,
    "gate_init": 2.0,
    "lambda_visual": 30.0,
    "lambda_disp": 0.1,
    "lambda_smooth": 0.2,
    "lambda_fold": 5.0,
    "lambda_method_l1": 0.02,
    "lambda_gate_l1": 0.01,
    "hybrid_vae_weight": 0.2,
    "feature_layers": [
      0,
      4,
      8
    ],
    "feature_source": "blocks",
    "objective_timestep": 0,
    "objective_timesteps": [
      0
    ],
    "edge_falloff_px": 16.0,
    "save_theta": true
  },
  "projected_parameters_finite": true,
  "metrics": {
    "input": {
      "psnr": 37.2955414160448,
      "ssim": 0.9854724330964938,
      "l2": 0.013652837752714876,
      "mean_abs": 0.0030264626257121563,
      "max_abs": 0.4431372880935669
    },
    "output": {
      "psnr": 32.644604379568165,
      "ssim": 0.9780799218115469,
      "l2": 0.02332221426789236,
      "mean_abs": 0.009501948021352291,
      "max_abs": 0.6705882549285889
    },
    "clean_edit": {
      "psnr": 13.235801921706294,
      "ssim": 0.5809445748915938,
      "l2": 0.21787625609761865,
      "mean_abs": 0.15768350660800934,
      "max_abs": 0.9607843160629272
    },
    "perturbed_edit": {
      "psnr": 13.232307200206414,
      "ssim": 0.5827265434532514,
      "l2": 0.21796393508788728,
      "mean_abs": 0.15728284418582916,
      "max_abs": 0.9607843160629272
    },
    "displacement": {
      "max_dx_px": 1.0066478252410889,
      "max_dy_px": 0.5756528973579407,
      "max_magnitude_px": 1.0392764806747437,
      "mean_magnitude_px": 0.12070827186107635,
      "p95_magnitude_px": 0.770159900188446
    },
    "score_terms": {
      "prompt_failure": 0.0,
      "output_diverge": 0.2042913840932742,
      "stealth_penalty": 0.014089171679104028
    }
  },
  "score": 0.19020221241417015,
  "valid": true,
  "method_displacement": {
    "rolling": {
      "max_dx_px": 0.11720038950443268,
      "max_dy_px": 0.0,
      "max_magnitude_px": 0.11720038950443268,
      "mean_magnitude_px": 0.012913202866911888,
      "p95_magnitude_px": 0.08226948976516724
    },
    "dct": {
      "max_dx_px": 0.9093064665794373,
      "max_dy_px": 0.5414787530899048,
      "max_magnitude_px": 0.9260151982307434,
      "mean_magnitude_px": 0.1183633953332901,
      "p95_magnitude_px": 0.7611059546470642
    },
    "tps": {
      "max_dx_px": 0.13605913519859314,
      "max_dy_px": 0.06332872807979584,
      "max_magnitude_px": 0.13975423574447632,
      "mean_magnitude_px": 0.011300915852189064,
      "p95_magnitude_px": 0.06619285047054291
    },
    "piecewise": {
      "max_dx_px": 0.13767483830451965,
      "max_dy_px": 0.1340760737657547,
      "max_magnitude_px": 0.19183911383152008,
      "mean_magnitude_px": 0.015470247715711594,
      "p95_magnitude_px": 0.09193547070026398
    }
  },
  "gate_values": {
    "tps": 0.41985225677490234,
    "piecewise": 0.4387255907058716,
    "dct": 0.48150530457496643,
    "rolling": 0.5090031623840332
  },
  "outputs": {
    "original": "/workspace/output/geo_whitebox_results_20260614_172707/blackbox/men51_headshot_local_from_whitebox_g6p12/cand_023_g02_m11/original.png",
    "perturbed": "/workspace/output/geo_whitebox_results_20260614_172707/blackbox/men51_headshot_local_from_whitebox_g6p12/cand_023_g02_m11/perturbed.png",
    "original_diffused": "/workspace/output/geo_whitebox_results_20260614_172707/blackbox/men51_headshot_local_from_whitebox_g6p12/cand_023_g02_m11/original_diffused.png",
    "perturbed_diffused": "/workspace/output/geo_whitebox_results_20260614_172707/blackbox/men51_headshot_local_from_whitebox_g6p12/cand_023_g02_m11/perturbed_diffused.png",
    "flow": "/workspace/output/geo_whitebox_results_20260614_172707/blackbox/men51_headshot_local_from_whitebox_g6p12/cand_023_g02_m11/flow.png",
    "report": "/workspace/output/geo_whitebox_results_20260614_172707/blackbox/men51_headshot_local_from_whitebox_g6p12/cand_023_g02_m11/report.json"
  }
}