{
  "iteration": 2,
  "label": "restart_0_random_1",
  "loss": 32.3347472265243,
  "loss_components": {
    "input_psnr_penalty": 57.06724239574327,
    "input_ssim_penalty": 0.04967185589771868,
    "pre_identity_penalty": 0.0,
    "post_identity_reward": -22.9520133190751,
    "output_vae_distance_reward": -1.154202552250747,
    "output_pixel_l2_reward": -0.13510661515851496,
    "output_ssim_drop_reward": -0.5733720117516515,
    "parameter_regularization_penalty": 0.032527473119317384
  },
  "metrics": {
    "input_stealth": {
      "psnr": 22.63853073702056,
      "ssim": 0.7993093557445454
    },
    "output_disruption": {
      "pixel_l2": 0.06755330757925748,
      "ssim": 0.8088759960827828,
      "ssim_drop": 0.19112400391721718
    },
    "identity": {
      "pre": {
        "models": {
          "SFace": {
            "enabled": true,
            "ok": true,
            "source": "direct_embedding",
            "similarity_percent": 97.02698940137155,
            "distance_percent": 2.9730105986284485,
            "raw_distance": 0.05946021197256901,
            "threshold": null,
            "embedding_l2": 0.151134008742587
          },
          "OpenFace": {
            "enabled": false,
            "skipped": true
          },
          "Facenet": {
            "enabled": false,
            "skipped": true
          },
          "Facenet512": {
            "enabled": true,
            "ok": true,
            "source": "direct_embedding",
            "similarity_percent": 97.57143606638957,
            "distance_percent": 2.428563933610434,
            "raw_distance": 0.048571278672208784,
            "threshold": null,
            "embedding_l2": 0.14925961712823177
          }
        },
        "mean_similarity_percent": 97.29921273388055,
        "mean_distance_percent": 2.700787266119441,
        "ok_model_count": 2
      },
      "post": {
        "models": {
          "SFace": {
            "enabled": true,
            "ok": true,
            "source": "direct_embedding",
            "similarity_percent": 94.96238572872588,
            "distance_percent": 5.037614271274123,
            "raw_distance": 0.10075228542548242,
            "threshold": null,
            "embedding_l2": 0.17221206761703614
          },
          "OpenFace": {
            "enabled": false,
            "skipped": true
          },
          "Facenet": {
            "enabled": false,
            "skipped": true
          },
          "Facenet512": {
            "enabled": true,
            "ok": true,
            "source": "direct_embedding",
            "similarity_percent": 95.85680894364408,
            "distance_percent": 4.143191056355917,
            "raw_distance": 0.08286382112711854,
            "threshold": null,
            "embedding_l2": 0.17861788323139358
          }
        },
        "mean_similarity_percent": 95.40959733618499,
        "mean_distance_percent": 4.59040266381502,
        "ok_model_count": 2
      }
    },
    "vae_latent": {
      "output": {
        "l2": 1.154202552250747,
        "cosine_distance": 0.2790496463921317
      }
    },
    "flux_transformer": {
      "enabled": false,
      "available": false,
      "loss_contribution": null
    }
  },
  "parameters": {
    "homography": {
      "strength": 0.010066020351416858
    },
    "thin-plate-spline": {
      "strength": 0.0031137159627127784,
      "grid": 9
    },
    "delaunay": {
      "strength": 0.008194765679253898,
      "grid": 10
    },
    "fft-phase": {
      "strength": 0.5956044263916611,
      "coefficients": 14
    },
    "elastic": {
      "strength": 0.010611133755549236,
      "sigma": 9.927001370477786
    },
    "rolling-shutter": {
      "strength": 0.0007005508834254752,
      "rolling_frequency": 1.2867471687477963,
      "rolling_shear": 0.04170368173182966,
      "rolling_acceleration": 0.0007746227049837962
    }
  },
  "normalized_parameters": [
    0.5592233528564922,
    0.5189526604521297,
    0.8956757342258362,
    0.6828971399378247,
    0.666499867916651,
    0.29780221319583056,
    0.8125260106021668,
    0.8842611462957697,
    0.2805000978912705,
    0.05837924028545627,
    0.31469886749911846,
    0.695061362197161,
    0.5110660386426257
  ],
  "perturbations": [
    {
      "method": "homography",
      "enabled": true,
      "strength": 0.010066020351416858,
      "seed": 7004
    },
    {
      "method": "thin-plate-spline",
      "enabled": true,
      "strength": 0.0031137159627127784,
      "seed": 7005,
      "grid": 9
    },
    {
      "method": "delaunay",
      "enabled": true,
      "strength": 0.008194765679253898,
      "seed": 7006,
      "grid": 10
    },
    {
      "method": "fft-phase",
      "enabled": true,
      "strength": 0.5956044263916611,
      "seed": 7007,
      "coefficients": 14
    },
    {
      "method": "elastic",
      "enabled": true,
      "strength": 0.010611133755549236,
      "seed": 7008,
      "sigma": 9.927001370477786
    },
    {
      "method": "rolling-shutter",
      "enabled": true,
      "strength": 0.0007005508834254752,
      "seed": 7009,
      "rolling_frequency": 1.2867471687477963,
      "rolling_phase": 0.0,
      "rolling_shear": 0.04170368173182966,
      "rolling_acceleration": 0.0007746227049837962
    }
  ],
  "diffusion": {
    "cpu": false,
    "device": "auto",
    "gpu_index": 0,
    "selected_model": "flux2_klein",
    "selected_model_id": "black-forest-labs/FLUX.2-klein-4B",
    "model_id": "black-forest-labs/FLUX.2-klein-4B",
    "num_inference_steps": 4,
    "guidance_scale": 1.0,
    "image_guidance_scale": 1.0,
    "max_size": 768,
    "seed": 7002,
    "instruct_pix2pix": {
      "enabled": false,
      "model_id": "timbrooks/instruct-pix2pix",
      "num_inference_steps": 20,
      "guidance_scale": 7.5,
      "image_guidance_scale": 1.0,
      "max_size": 768,
      "seed": 7002
    },
    "flux2_klein": {
      "enabled": true,
      "model_id": "black-forest-labs/FLUX.2-klein-4B",
      "num_inference_steps": 4,
      "guidance_scale": 1.0,
      "max_size": 768,
      "height": null,
      "width": null,
      "max_sequence_length": 512,
      "text_encoder_out_layers": [
        9,
        18,
        27
      ],
      "torch_dtype": "bfloat16",
      "cpu_offload": false,
      "sigmas": null,
      "seed": 7002
    },
    "used_model": "flux2_klein",
    "used_model_id": "black-forest-labs/FLUX.2-klein-4B",
    "resolved_device": "cuda:0"
  },
  "embedding_backends": {
    "identity": {
      "models": {
        "SFace": true,
        "OpenFace": false,
        "Facenet": false,
        "Facenet512": true
      },
      "detector_backend": "skip",
      "direct_embedding": true,
      "fallback": "verify_distance"
    },
    "output_vae": {
      "ok": true,
      "source": "diffusion_pipeline_vae",
      "device": "cuda:0",
      "selected_model": "flux2_klein"
    }
  },
  "errors": {},
  "outputs": {
    "perturbed": "/workspace/output/mentor_results_20260614_092647/search/pass2/02_sample_older_relaxed/embedding_loss_run_20260614_095821/iterations/iter_000002/perturbed.png",
    "perturbed_diffused": "/workspace/output/mentor_results_20260614_092647/search/pass2/02_sample_older_relaxed/embedding_loss_run_20260614_095821/iterations/iter_000002/perturbed_diffused.png",
    "metrics": "/workspace/output/mentor_results_20260614_092647/search/pass2/02_sample_older_relaxed/embedding_loss_run_20260614_095821/iterations/iter_000002/metrics.json"
  },
  "elapsed_seconds": 2.526610219851136
}