{
  "iteration": 12,
  "label": "restart_0_random_11",
  "loss": -33.01371752152044,
  "loss_components": {
    "input_psnr_penalty": 1.0695970938658088,
    "input_ssim_penalty": 0.0,
    "pre_identity_penalty": 0.0,
    "post_identity_reward": -31.45097192156703,
    "output_vae_distance_reward": -1.531728971024455,
    "output_pixel_l2_reward": -0.2619033914367273,
    "output_ssim_drop_reward": -0.8646658896053183,
    "parameter_regularization_penalty": 0.02595555824728465
  },
  "metrics": {
    "input_stealth": {
      "psnr": 22.0558967685921,
      "ssim": 0.784221306582796
    },
    "output_disruption": {
      "pixel_l2": 0.0873011304789091,
      "ssim": 0.7838335275986704,
      "ssim_drop": 0.21616647240132958
    },
    "identity": {
      "pre": {
        "models": {
          "SFace": {
            "enabled": true,
            "ok": true,
            "source": "direct_embedding",
            "similarity_percent": 96.18051246882273,
            "distance_percent": 3.8194875311772734,
            "raw_distance": 0.07638975062354558,
            "threshold": null,
            "embedding_l2": 0.17474456762961266
          },
          "OpenFace": {
            "enabled": false,
            "skipped": true
          },
          "Facenet": {
            "enabled": false,
            "skipped": true
          },
          "Facenet512": {
            "enabled": true,
            "ok": true,
            "source": "direct_embedding",
            "similarity_percent": 98.67461314632689,
            "distance_percent": 1.325386853673109,
            "raw_distance": 0.026507737073462434,
            "threshold": null,
            "embedding_l2": 0.1380106932571587
          }
        },
        "mean_similarity_percent": 97.42756280757482,
        "mean_distance_percent": 2.572437192425191,
        "ok_model_count": 2
      },
      "post": {
        "models": {
          "SFace": {
            "enabled": true,
            "ok": true,
            "source": "direct_embedding",
            "similarity_percent": 96.45555869665753,
            "distance_percent": 3.5444413033424667,
            "raw_distance": 0.07088882606684921,
            "threshold": null,
            "embedding_l2": 0.15697041013701732
          },
          "OpenFace": {
            "enabled": false,
            "skipped": true
          },
          "Facenet": {
            "enabled": false,
            "skipped": true
          },
          "Facenet512": {
            "enabled": true,
            "ok": true,
            "source": "direct_embedding",
            "similarity_percent": 95.68169832295071,
            "distance_percent": 4.318301677049291,
            "raw_distance": 0.08636603354098582,
            "threshold": null,
            "embedding_l2": 0.26771427366759526
          }
        },
        "mean_similarity_percent": 96.06862850980411,
        "mean_distance_percent": 3.931371490195879,
        "ok_model_count": 2
      }
    },
    "vae_latent": {
      "output": {
        "l2": 1.531728971024455,
        "cosine_distance": 0.44161908692730767
      }
    },
    "flux_transformer": {
      "enabled": false,
      "available": false,
      "loss_contribution": null
    }
  },
  "parameters": {
    "homography": {
      "strength": 0.01462203449673904
    },
    "thin-plate-spline": {
      "strength": 0.00011750884187597575,
      "grid": 9
    },
    "delaunay": {
      "strength": 0.0025722858658839974,
      "grid": 9
    },
    "fft-phase": {
      "strength": 1.7459489371558912,
      "coefficients": 14
    },
    "elastic": {
      "strength": 0.008829885313446695,
      "sigma": 6.841924702549105
    },
    "rolling-shutter": {
      "strength": 0.009597220848221066,
      "rolling_frequency": 2.303018186955902,
      "rolling_shear": 0.04392780810391503,
      "rolling_acceleration": -0.0335374793576792
    }
  },
  "normalized_parameters": [
    0.52221551774068,
    0.01305653798621953,
    0.7815625943930453,
    0.14290477032688875,
    0.5812306212731028,
    0.34918978743117823,
    0.6834125813291353,
    0.49054918408037196,
    0.10834851191465322,
    0.5331789360122815,
    0.601006062318634,
    0.5490976012989378,
    0.164625206423208
  ],
  "perturbations": [
    {
      "method": "homography",
      "enabled": true,
      "strength": 0.01462203449673904,
      "seed": 7017
    },
    {
      "method": "thin-plate-spline",
      "enabled": true,
      "strength": 0.00011750884187597575,
      "seed": 7018,
      "grid": 9
    },
    {
      "method": "delaunay",
      "enabled": true,
      "strength": 0.0025722858658839974,
      "seed": 7019,
      "grid": 9
    },
    {
      "method": "fft-phase",
      "enabled": true,
      "strength": 1.7459489371558912,
      "seed": 7020,
      "coefficients": 14
    },
    {
      "method": "elastic",
      "enabled": true,
      "strength": 0.008829885313446695,
      "seed": 7021,
      "sigma": 6.841924702549105
    },
    {
      "method": "rolling-shutter",
      "enabled": true,
      "strength": 0.009597220848221066,
      "seed": 7022,
      "rolling_frequency": 2.303018186955902,
      "rolling_phase": 0.0,
      "rolling_shear": 0.04392780810391503,
      "rolling_acceleration": -0.0335374793576792
    }
  ],
  "diffusion": {
    "cpu": false,
    "device": "auto",
    "gpu_index": 0,
    "selected_model": "flux2_klein",
    "selected_model_id": "black-forest-labs/FLUX.2-klein-4B",
    "model_id": "black-forest-labs/FLUX.2-klein-4B",
    "num_inference_steps": 4,
    "guidance_scale": 1.0,
    "image_guidance_scale": 1.0,
    "max_size": 768,
    "seed": 7005,
    "instruct_pix2pix": {
      "enabled": false,
      "model_id": "timbrooks/instruct-pix2pix",
      "num_inference_steps": 20,
      "guidance_scale": 7.5,
      "image_guidance_scale": 1.0,
      "max_size": 768,
      "seed": 7005
    },
    "flux2_klein": {
      "enabled": true,
      "model_id": "black-forest-labs/FLUX.2-klein-4B",
      "num_inference_steps": 4,
      "guidance_scale": 1.0,
      "max_size": 768,
      "height": null,
      "width": null,
      "max_sequence_length": 512,
      "text_encoder_out_layers": [
        9,
        18,
        27
      ],
      "torch_dtype": "bfloat16",
      "cpu_offload": false,
      "sigmas": null,
      "seed": 7005
    },
    "used_model": "flux2_klein",
    "used_model_id": "black-forest-labs/FLUX.2-klein-4B",
    "resolved_device": "cuda:0"
  },
  "embedding_backends": {
    "identity": {
      "models": {
        "SFace": true,
        "OpenFace": false,
        "Facenet": false,
        "Facenet512": true
      },
      "detector_backend": "skip",
      "direct_embedding": true,
      "fallback": "verify_distance"
    },
    "output_vae": {
      "ok": true,
      "source": "diffusion_pipeline_vae",
      "device": "cuda:0",
      "selected_model": "flux2_klein"
    }
  },
  "errors": {},
  "outputs": {
    "perturbed": "/workspace/output/mentor_results_20260614_092647/search/pass3/05_men16_sunglasses_strong/embedding_loss_run_20260614_101125/iterations/iter_000012/perturbed.png",
    "perturbed_diffused": "/workspace/output/mentor_results_20260614_092647/search/pass3/05_men16_sunglasses_strong/embedding_loss_run_20260614_101125/iterations/iter_000012/perturbed_diffused.png",
    "metrics": "/workspace/output/mentor_results_20260614_092647/search/pass3/05_men16_sunglasses_strong/embedding_loss_run_20260614_101125/iterations/iter_000012/metrics.json"
  },
  "elapsed_seconds": 3.4405217731837183
}