{
  "config": {
    "input": "/workspace/gender_dataset/men/74.jpg",
    "prompt": "make the person smile",
    "output_dir": "/workspace/output/geo_whitebox_results_20260614_172707/blackbox/men74_smile_mouth_g8p12",
    "seed": 7701,
    "max_size": 512,
    "diffusion_steps": 4,
    "guidance_scale": 1.0,
    "max_sequence_length": 512,
    "text_encoder_out_layers": [
      9,
      18,
      27
    ],
    "torch_dtype": "bfloat16",
    "methods": [
      "tps",
      "piecewise",
      "dct",
      "grid",
      "rolling"
    ],
    "objective": "final_edit_blackbox",
    "attack_iters": 0,
    "lr": 0.08,
    "max_disp_px": 2.0,
    "init_scale_px": 0.0,
    "grid_size": 6,
    "dct_size": 4,
    "rbf_size": 5,
    "rbf_sigma": 0.55,
    "tps_size": 5,
    "piecewise_size": 5,
    "padding_mode": "reflection",
    "face_mask": "mouth",
    "face_center_x": 0.525,
    "face_center_y": 0.41046875,
    "face_radius_x": 0.33599999999999997,
    "face_radius_y": 0.3075,
    "use_gates": true,
    "gate_init": 2.0,
    "lambda_visual": 30.0,
    "lambda_disp": 0.1,
    "lambda_smooth": 0.2,
    "lambda_fold": 5.0,
    "lambda_method_l1": 0.02,
    "lambda_gate_l1": 0.01,
    "hybrid_vae_weight": 0.2,
    "feature_layers": [
      0,
      4,
      8
    ],
    "feature_source": "blocks",
    "objective_timestep": 0,
    "objective_timesteps": [
      0
    ],
    "edge_falloff_px": 16.0,
    "save_theta": true
  },
  "projected_parameters_finite": true,
  "metrics": {
    "input": {
      "psnr": 38.73874692306739,
      "ssim": 0.9821936037055385,
      "l2": 0.01156279041696394,
      "mean_abs": 0.0030202975030988455,
      "max_abs": 0.345098078250885
    },
    "output": {
      "psnr": 40.838217082476135,
      "ssim": 0.9886685137792042,
      "l2": 0.00908006893962343,
      "mean_abs": 0.0029371874406933784,
      "max_abs": 0.21568629145622253
    },
    "clean_edit": {
      "psnr": 25.388044532960432,
      "ssim": 0.9410846748368386,
      "l2": 0.05377714887769222,
      "mean_abs": 0.044717803597450256,
      "max_abs": 0.7372549176216125
    },
    "perturbed_edit": {
      "psnr": 25.61575000711326,
      "ssim": 0.9466605663353355,
      "l2": 0.05238566961895528,
      "mean_abs": 0.0439138188958168,
      "max_abs": 0.7058823704719543
    },
    "displacement": {
      "max_dx_px": 1.3394801616668701,
      "max_dy_px": 1.6318280696868896,
      "max_magnitude_px": 1.9957561492919922,
      "mean_magnitude_px": 0.24141868948936462,
      "p95_magnitude_px": 1.4651758670806885
    },
    "score_terms": {
      "prompt_failure": 0.0013914792587369426,
      "output_diverge": 0.09072628958130047,
      "stealth_penalty": 0.0
    }
  },
  "score": 0.09629220661624824,
  "valid": true,
  "method_displacement": {
    "rolling": {
      "max_dx_px": 0.04510210454463959,
      "max_dy_px": 0.0,
      "max_magnitude_px": 0.04510210454463959,
      "mean_magnitude_px": 0.004354830831289291,
      "p95_magnitude_px": 0.02744893543422222
    },
    "grid": {
      "max_dx_px": 0.23781554400920868,
      "max_dy_px": 0.3921094238758087,
      "max_magnitude_px": 0.4047364294528961,
      "mean_magnitude_px": 0.03775455802679062,
      "p95_magnitude_px": 0.2429026961326599
    },
    "dct": {
      "max_dx_px": 1.256242275238037,
      "max_dy_px": 1.2555122375488281,
      "max_magnitude_px": 1.5733269453048706,
      "mean_magnitude_px": 0.19437474012374878,
      "p95_magnitude_px": 1.182492733001709
    },
    "tps": {
      "max_dx_px": 0.23836888372898102,
      "max_dy_px": 0.3789288401603699,
      "max_magnitude_px": 0.39521294832229614,
      "mean_magnitude_px": 0.04040049389004707,
      "p95_magnitude_px": 0.24517329037189484
    },
    "piecewise": {
      "max_dx_px": 0.1613197773694992,
      "max_dy_px": 0.18107181787490845,
      "max_magnitude_px": 0.18730974197387695,
      "mean_magnitude_px": 0.01726542040705681,
      "p95_magnitude_px": 0.11566109210252762
    }
  },
  "gate_values": {
    "tps": 0.866601824760437,
    "piecewise": 0.8495327234268188,
    "dct": 0.8206674456596375,
    "grid": 0.8979811072349548,
    "rolling": 0.8765683174133301
  },
  "outputs": {
    "original": "/workspace/output/geo_whitebox_results_20260614_172707/blackbox/men74_smile_mouth_g8p12/cand_067_g06_m07/original.png",
    "perturbed": "/workspace/output/geo_whitebox_results_20260614_172707/blackbox/men74_smile_mouth_g8p12/cand_067_g06_m07/perturbed.png",
    "original_diffused": "/workspace/output/geo_whitebox_results_20260614_172707/blackbox/men74_smile_mouth_g8p12/cand_067_g06_m07/original_diffused.png",
    "perturbed_diffused": "/workspace/output/geo_whitebox_results_20260614_172707/blackbox/men74_smile_mouth_g8p12/cand_067_g06_m07/perturbed_diffused.png",
    "flow": "/workspace/output/geo_whitebox_results_20260614_172707/blackbox/men74_smile_mouth_g8p12/cand_067_g06_m07/flow.png",
    "report": "/workspace/output/geo_whitebox_results_20260614_172707/blackbox/men74_smile_mouth_g8p12/cand_067_g06_m07/report.json"
  }
}