{
  "iteration": 1,
  "label": "restart_0_initial",
  "loss": -13.457761527598281,
  "loss_components": {
    "input_psnr_penalty": 0.0,
    "input_ssim_penalty": 0.0,
    "pre_identity_penalty": 0.0,
    "post_identity_reward": -12.078269675967306,
    "output_vae_distance_reward": -0.8052722854651215,
    "flux_transformer_feature_reward": -0.0031399520049956164,
    "output_pixel_l2_reward": -0.11881047661797285,
    "output_ssim_drop_reward": -0.4522691375428849,
    "parameter_regularization_penalty": 0.0
  },
  "metrics": {
    "input_stealth": {
      "psnr": 28.453439045501465,
      "ssim": 0.8970419109880733
    },
    "output_disruption": {
      "pixel_l2": 0.03960349220599095,
      "ssim": 0.8869327156142788,
      "ssim_drop": 0.11306728438572122
    },
    "identity": {
      "pre": {
        "models": {
          "SFace": {
            "enabled": true,
            "ok": true,
            "source": "direct_embedding",
            "similarity_percent": 98.61412630872097,
            "distance_percent": 1.3858736912790306,
            "raw_distance": 0.02771747382558054,
            "threshold": null,
            "embedding_l2": 0.22697027664290315
          },
          "OpenFace": {
            "enabled": false,
            "skipped": true
          },
          "Facenet": {
            "enabled": false,
            "skipped": true
          },
          "Facenet512": {
            "enabled": true,
            "ok": true,
            "source": "direct_embedding",
            "similarity_percent": 99.6570208294319,
            "distance_percent": 0.3429791705680998,
            "raw_distance": 0.006859583411362058,
            "threshold": null,
            "embedding_l2": 0.11150626026454086
          }
        },
        "mean_similarity_percent": 99.13557356907643,
        "mean_distance_percent": 0.8644264309235652,
        "ok_model_count": 2
      },
      "post": {
        "models": {
          "SFace": {
            "enabled": true,
            "ok": true,
            "source": "direct_embedding",
            "similarity_percent": 97.89014793512634,
            "distance_percent": 2.109852064873664,
            "raw_distance": 0.04219704129747315,
            "threshold": null,
            "embedding_l2": 0.2749730220698435
          },
          "OpenFace": {
            "enabled": false,
            "skipped": true
          },
          "Facenet": {
            "enabled": false,
            "skipped": true
          },
          "Facenet512": {
            "enabled": true,
            "ok": true,
            "source": "direct_embedding",
            "similarity_percent": 99.09028464588184,
            "distance_percent": 0.9097153541181626,
            "raw_distance": 0.01819430708236336,
            "threshold": null,
            "embedding_l2": 0.18952742201677092
          }
        },
        "mean_similarity_percent": 98.4902162905041,
        "mean_distance_percent": 1.5097837094959132,
        "ok_model_count": 2
      }
    },
    "vae_latent": {
      "output": {
        "l2": 0.8052722854651215,
        "cosine_distance": 0.1323782642518817
      }
    },
    "flux_transformer": {
      "enabled": true,
      "available": true,
      "capture_method": "forward_hook",
      "distance_type": "cosine",
      "weight": 1.0,
      "use_input_features": false,
      "use_denoising_features": true,
      "original": {
        "enabled": true,
        "available": true,
        "capture_method": "forward_hook",
        "use_input_features": false,
        "use_denoising_features": true,
        "requested_layers": [
          "auto"
        ],
        "layers_captured": [
          "single_transformer_blocks.19",
          "single_transformer_blocks.7",
          "transformer_blocks.0"
        ],
        "requested_timesteps": [
          "early",
          "middle"
        ],
        "timesteps_captured": [
          "early",
          "middle"
        ],
        "feature_shapes": [
          {
            "layer": "transformer_blocks.0",
            "shape": [
              1,
              512,
              3072
            ],
            "timestep": "early"
          },
          {
            "layer": "single_transformer_blocks.7",
            "shape": [
              1,
              4640,
              3072
            ],
            "timestep": "early"
          },
          {
            "layer": "single_transformer_blocks.19",
            "shape": [
              1,
              4640,
              3072
            ],
            "timestep": "early"
          },
          {
            "layer": "transformer_blocks.0",
            "shape": [
              1,
              512,
              3072
            ],
            "timestep": "early"
          },
          {
            "layer": "single_transformer_blocks.7",
            "shape": [
              1,
              4640,
              3072
            ],
            "timestep": "middle"
          },
          {
            "layer": "single_transformer_blocks.19",
            "shape": [
              1,
              4640,
              3072
            ],
            "timestep": "middle"
          },
          {
            "layer": "transformer_blocks.0",
            "shape": [
              1,
              512,
              3072
            ],
            "timestep": "middle"
          },
          {
            "layer": "single_transformer_blocks.7",
            "shape": [
              1,
              4640,
              3072
            ],
            "timestep": "middle"
          }
        ],
        "pooled_feature_shapes": [
          {
            "layer": "transformer_blocks.0",
            "shape": [
              3072
            ],
            "timestep": "early"
          },
          {
            "layer": "single_transformer_blocks.7",
            "shape": [
              3072
            ],
            "timestep": "early"
          },
          {
            "layer": "single_transformer_blocks.19",
            "shape": [
              3072
            ],
            "timestep": "early"
          },
          {
            "layer": "transformer_blocks.0",
            "shape": [
              3072
            ],
            "timestep": "early"
          },
          {
            "layer": "single_transformer_blocks.7",
            "shape": [
              3072
            ],
            "timestep": "middle"
          },
          {
            "layer": "single_transformer_blocks.19",
            "shape": [
              3072
            ],
            "timestep": "middle"
          },
          {
            "layer": "transformer_blocks.0",
            "shape": [
              3072
            ],
            "timestep": "middle"
          },
          {
            "layer": "single_transformer_blocks.7",
            "shape": [
              3072
            ],
            "timestep": "middle"
          }
        ],
        "captured_call_count": 12,
        "included_feature_count": 8,
        "warnings": [
          "Timestep labels are approximated from forward-hook call order."
        ]
      },
      "candidate": {
        "enabled": true,
        "available": true,
        "capture_method": "forward_hook",
        "use_input_features": false,
        "use_denoising_features": true,
        "requested_layers": [
          "auto"
        ],
        "layers_captured": [
          "single_transformer_blocks.19",
          "single_transformer_blocks.7",
          "transformer_blocks.0"
        ],
        "requested_timesteps": [
          "early",
          "middle"
        ],
        "timesteps_captured": [
          "early",
          "middle"
        ],
        "feature_shapes": [
          {
            "layer": "transformer_blocks.0",
            "shape": [
              1,
              512,
              3072
            ],