{
  "config": {
    "input": "/workspace/gender_dataset/men/51.jpg",
    "prompt": "turn the image into a professional headshot",
    "output_dir": "/workspace/output/geo_whitebox_results_20260614_172707/blackbox/men51_headshot_local_from_whitebox_g6p12",
    "seed": 7401,
    "max_size": 512,
    "diffusion_steps": 4,
    "guidance_scale": 1.0,
    "max_sequence_length": 512,
    "text_encoder_out_layers": [
      9,
      18,
      27
    ],
    "torch_dtype": "bfloat16",
    "methods": [
      "tps",
      "piecewise",
      "dct",
      "rolling"
    ],
    "objective": "final_edit_blackbox",
    "attack_iters": 0,
    "lr": 0.08,
    "max_disp_px": 2.5,
    "init_scale_px": 0.0,
    "grid_size": 6,
    "dct_size": 4,
    "rbf_size": 5,
    "rbf_sigma": 0.55,
    "tps_size": 5,
    "piecewise_size": 5,
    "padding_mode": "reflection",
    "face_mask": "face",
    "face_center_x": 0.4208984375,
    "face_center_y": 0.2930952380952381,
    "face_radius_x": 0.22,
    "face_radius_y": 0.3,
    "use_gates": true,
    "gate_init": 2.0,
    "lambda_visual": 30.0,
    "lambda_disp": 0.1,
    "lambda_smooth": 0.2,
    "lambda_fold": 5.0,
    "lambda_method_l1": 0.02,
    "lambda_gate_l1": 0.01,
    "hybrid_vae_weight": 0.2,
    "feature_layers": [
      0,
      4,
      8
    ],
    "feature_source": "blocks",
    "objective_timestep": 0,
    "objective_timesteps": [
      0
    ],
    "edge_falloff_px": 16.0,
    "save_theta": true
  },
  "projected_parameters_finite": true,
  "metrics": {
    "input": {
      "psnr": 41.50069134773755,
      "ssim": 0.9933514499186896,
      "l2": 0.008413281740111894,
      "mean_abs": 0.0018981649773195386,
      "max_abs": 0.250980406999588
    },
    "output": {
      "psnr": 31.798421993747542,
      "ssim": 0.9794254041300635,
      "l2": 0.02570862801031039,
      "mean_abs": 0.007430796977132559,
      "max_abs": 0.7843137383460999
    },
    "clean_edit": {
      "psnr": 13.235801921706294,
      "ssim": 0.5809445748915938,
      "l2": 0.21787625609761865,
      "mean_abs": 0.15768350660800934,
      "max_abs": 0.9607843160629272
    },
    "perturbed_edit": {
      "psnr": 13.237640010171132,
      "ssim": 0.5833483355539766,
      "l2": 0.21783015449158044,
      "mean_abs": 0.15746037662029266,
      "max_abs": 0.9607843160629272
    },
    "displacement": {
      "max_dx_px": 0.6513090133666992,
      "max_dy_px": 0.3854089379310608,
      "max_magnitude_px": 0.6580083966255188,
      "mean_magnitude_px": 0.07601245492696762,
      "p95_magnitude_px": 0.4208208918571472
    },
    "score_terms": {
      "prompt_failure": 4.610160603821245e-05,
      "output_diverge": 0.21084152353129787,
      "stealth_penalty": 0.0
    }
  },
  "score": 0.21102592995545072,
  "valid": true,
  "method_displacement": {
    "rolling": {
      "max_dx_px": 0.09369534254074097,
      "max_dy_px": 0.0,
      "max_magnitude_px": 0.09369534254074097,
      "mean_magnitude_px": 0.011642745696008205,
      "p95_magnitude_px": 0.07653205096721649
    },
    "dct": {
      "max_dx_px": 0.5730496048927307,
      "max_dy_px": 0.30755743384361267,
      "max_magnitude_px": 0.6013195514678955,
      "mean_magnitude_px": 0.06505133956670761,
      "p95_magnitude_px": 0.36002615094184875
    },
    "tps": {
      "max_dx_px": 0.039523687213659286,
      "max_dy_px": 0.0839969664812088,
      "max_magnitude_px": 0.08523444086313248,
      "mean_magnitude_px": 0.009091464802622795,
      "p95_magnitude_px": 0.05445372313261032
    },
    "piecewise": {
      "max_dx_px": 0.13084928691387177,
      "max_dy_px": 0.11349331587553024,
      "max_magnitude_px": 0.1590578854084015,
      "mean_magnitude_px": 0.01695968210697174,
      "p95_magnitude_px": 0.10485906153917313
    }
  },
  "gate_values": {
    "tps": 0.3474515676498413,
    "piecewise": 0.3515085279941559,
    "dct": 0.5060168504714966,
    "rolling": 0.5781921148300171
  },
  "outputs": {
    "original": "/workspace/output/geo_whitebox_results_20260614_172707/blackbox/men51_headshot_local_from_whitebox_g6p12/cand_060_g05_m12/original.png",
    "perturbed": "/workspace/output/geo_whitebox_results_20260614_172707/blackbox/men51_headshot_local_from_whitebox_g6p12/cand_060_g05_m12/perturbed.png",
    "original_diffused": "/workspace/output/geo_whitebox_results_20260614_172707/blackbox/men51_headshot_local_from_whitebox_g6p12/cand_060_g05_m12/original_diffused.png",
    "perturbed_diffused": "/workspace/output/geo_whitebox_results_20260614_172707/blackbox/men51_headshot_local_from_whitebox_g6p12/cand_060_g05_m12/perturbed_diffused.png",
    "flow": "/workspace/output/geo_whitebox_results_20260614_172707/blackbox/men51_headshot_local_from_whitebox_g6p12/cand_060_g05_m12/flow.png",
    "report": "/workspace/output/geo_whitebox_results_20260614_172707/blackbox/men51_headshot_local_from_whitebox_g6p12/cand_060_g05_m12/report.json"
  }
}