{
  "config": {
    "input": "/workspace/gender_dataset/men/51.jpg",
    "prompt": "turn the image into a professional headshot",
    "output_dir": "/workspace/output/geo_whitebox_results_20260614_172707/blackbox/men51_headshot_local_from_whitebox_g6p12",
    "seed": 7401,
    "max_size": 512,
    "diffusion_steps": 4,
    "guidance_scale": 1.0,
    "max_sequence_length": 512,
    "text_encoder_out_layers": [
      9,
      18,
      27
    ],
    "torch_dtype": "bfloat16",
    "methods": [
      "tps",
      "piecewise",
      "dct",
      "rolling"
    ],
    "objective": "final_edit_blackbox",
    "attack_iters": 0,
    "lr": 0.08,
    "max_disp_px": 2.5,
    "init_scale_px": 0.0,
    "grid_size": 6,
    "dct_size": 4,
    "rbf_size": 5,
    "rbf_sigma": 0.55,
    "tps_size": 5,
    "piecewise_size": 5,
    "padding_mode": "reflection",
    "face_mask": "face",
    "face_center_x": 0.4208984375,
    "face_center_y": 0.2930952380952381,
    "face_radius_x": 0.22,
    "face_radius_y": 0.3,
    "use_gates": true,
    "gate_init": 2.0,
    "lambda_visual": 30.0,
    "lambda_disp": 0.1,
    "lambda_smooth": 0.2,
    "lambda_fold": 5.0,
    "lambda_method_l1": 0.02,
    "lambda_gate_l1": 0.01,
    "hybrid_vae_weight": 0.2,
    "feature_layers": [
      0,
      4,
      8
    ],
    "feature_source": "blocks",
    "objective_timestep": 0,
    "objective_timesteps": [
      0
    ],
    "edge_falloff_px": 16.0,
    "save_theta": true
  },
  "projected_parameters_finite": true,
  "metrics": {
    "input": {
      "psnr": 40.625809802379976,
      "ssim": 0.9928757742570555,
      "l2": 0.009304852859331313,
      "mean_abs": 0.0021231190767139196,
      "max_abs": 0.3176470696926117
    },
    "output": {
      "psnr": 36.968021448606855,
      "ssim": 0.9904992400034485,
      "l2": 0.01417747622185403,
      "mean_abs": 0.0036731876898556948,
      "max_abs": 0.5372549295425415
    },
    "clean_edit": {
      "psnr": 13.235801921706294,
      "ssim": 0.5809445748915938,
      "l2": 0.21787625609761865,
      "mean_abs": 0.15768350660800934,
      "max_abs": 0.9607843160629272
    },
    "perturbed_edit": {
      "psnr": 13.24092371098224,
      "ssim": 0.5835742665298173,
      "l2": 0.21774781936020052,
      "mean_abs": 0.1575220823287964,
      "max_abs": 0.9607843160629272
    },
    "displacement": {
      "max_dx_px": 0.45367059111595154,
      "max_dy_px": 0.671872079372406,
      "max_magnitude_px": 0.7506519556045532,
      "mean_magnitude_px": 0.08795645087957382,
      "p95_magnitude_px": 0.5446836352348328
    },
    "score_terms": {
      "prompt_failure": 0.0001284367374181361,
      "output_diverge": 0.10889042109547628,
      "stealth_penalty": 0.0
    }
  },
  "score": 0.10940416804514883,
  "valid": true,
  "method_displacement": {
    "rolling": {
      "max_dx_px": 0.04611285403370857,
      "max_dy_px": 0.0,
      "max_magnitude_px": 0.04611285403370857,
      "mean_magnitude_px": 0.005738493986427784,
      "p95_magnitude_px": 0.03971186652779579
    },
    "dct": {
      "max_dx_px": 0.5190169811248779,
      "max_dy_px": 0.5406413078308105,
      "max_magnitude_px": 0.7125508189201355,
      "mean_magnitude_px": 0.07689298689365387,
      "p95_magnitude_px": 0.5212031006813049
    },
    "tps": {
      "max_dx_px": 0.10046210139989853,
      "max_dy_px": 0.15000629425048828,
      "max_magnitude_px": 0.1506389081478119,
      "mean_magnitude_px": 0.015335639007389545,
      "p95_magnitude_px": 0.0940961092710495
    },
    "piecewise": {
      "max_dx_px": 0.1312049925327301,
      "max_dy_px": 0.1625620573759079,
      "max_magnitude_px": 0.2015792578458786,
      "mean_magnitude_px": 0.020284127444028854,
      "p95_magnitude_px": 0.13459710776805878
    }
  },
  "gate_values": {
    "tps": 0.4665641188621521,
    "piecewise": 0.44170352816581726,
    "dct": 0.4885488748550415,
    "rolling": 0.40564626455307007
  },
  "outputs": {
    "original": "/workspace/output/geo_whitebox_results_20260614_172707/blackbox/men51_headshot_local_from_whitebox_g6p12/cand_024_g02_m12/original.png",
    "perturbed": "/workspace/output/geo_whitebox_results_20260614_172707/blackbox/men51_headshot_local_from_whitebox_g6p12/cand_024_g02_m12/perturbed.png",
    "original_diffused": "/workspace/output/geo_whitebox_results_20260614_172707/blackbox/men51_headshot_local_from_whitebox_g6p12/cand_024_g02_m12/original_diffused.png",
    "perturbed_diffused": "/workspace/output/geo_whitebox_results_20260614_172707/blackbox/men51_headshot_local_from_whitebox_g6p12/cand_024_g02_m12/perturbed_diffused.png",
    "flow": "/workspace/output/geo_whitebox_results_20260614_172707/blackbox/men51_headshot_local_from_whitebox_g6p12/cand_024_g02_m12/flow.png",
    "report": "/workspace/output/geo_whitebox_results_20260614_172707/blackbox/men51_headshot_local_from_whitebox_g6p12/cand_024_g02_m12/report.json"
  }
}