{
  "iteration": 9,
  "label": "restart_0_random_8",
  "loss": 1.821480723466285,
  "loss_components": {
    "input_psnr_penalty": 18.054772419360564,
    "input_ssim_penalty": 0.016045961263414458,
    "pre_identity_penalty": 0.0,
    "post_identity_reward": -14.304141040995084,
    "output_vae_distance_reward": -1.3090207665889964,
    "output_pixel_l2_reward": -0.1381799635076554,
    "output_ssim_drop_reward": -0.5351843963387429,
    "parameter_regularization_penalty": 0.03718851027278425
  },
  "metrics": {
    "input_stealth": {
      "psnr": 24.546786296891323,
      "ssim": 0.8168728433341418
    },
    "output_disruption": {
      "pixel_l2": 0.0690899817538277,
      "ssim": 0.821605201220419,
      "ssim_drop": 0.17839479877958098
    },
    "identity": {
      "pre": {
        "models": {
          "SFace": {
            "enabled": true,
            "ok": true,
            "source": "direct_embedding",
            "similarity_percent": 95.24492417058468,
            "distance_percent": 4.755075829415318,
            "raw_distance": 0.09510151658830635,
            "threshold": null,
            "embedding_l2": 0.1932013517866497
          },
          "OpenFace": {
            "enabled": false,
            "skipped": true
          },
          "Facenet": {
            "enabled": false,
            "skipped": true
          },
          "Facenet512": {
            "enabled": true,
            "ok": true,
            "source": "direct_embedding",
            "similarity_percent": 98.548680229757,
            "distance_percent": 1.4513197702430034,
            "raw_distance": 0.029026395404860073,
            "threshold": null,
            "embedding_l2": 0.1413532768200737
          }
        },
        "mean_similarity_percent": 96.89680220017084,
        "mean_distance_percent": 3.103197799829161,
        "ok_model_count": 2
      },
      "post": {
        "models": {
          "SFace": {
            "enabled": true,
            "ok": true,
            "source": "direct_embedding",
            "similarity_percent": 95.77556638071938,
            "distance_percent": 4.224433619280617,
            "raw_distance": 0.0844886723856123,
            "threshold": null,
            "embedding_l2": 0.164070407710135
          },
          "OpenFace": {
            "enabled": false,
            "skipped": true
          },
          "Facenet": {
            "enabled": false,
            "skipped": true
          },
          "Facenet512": {
            "enabled": true,
            "ok": true,
            "source": "direct_embedding",
            "similarity_percent": 98.50277720288258,
            "distance_percent": 1.4972227971174163,
            "raw_distance": 0.02994445594234829,
            "threshold": null,
            "embedding_l2": 0.14773980283864763
          }
        },
        "mean_similarity_percent": 97.13917179180098,
        "mean_distance_percent": 2.860828208199017,
        "ok_model_count": 2
      }
    },
    "vae_latent": {
      "output": {
        "l2": 1.3090207665889964,
        "cosine_distance": 0.3253623106351434
      }
    },
    "flux_transformer": {
      "enabled": false,
      "available": false,
      "loss_contribution": null
    }
  },
  "parameters": {
    "homography": {
      "strength": 0.00031508746994019616
    },
    "thin-plate-spline": {
      "strength": 0.004500018201286437,
      "grid": 9
    },
    "delaunay": {
      "strength": 0.010829226734290891,
      "grid": 10
    },
    "fft-phase": {
      "strength": 1.524652959119432,
      "coefficients": 12
    },
    "elastic": {
      "strength": 0.006438649754368206,
      "sigma": 18.283696670045813
    },
    "rolling-shutter": {
      "strength": 0.005438666790225868,
      "rolling_frequency": 2.0397345651080805,
      "rolling_shear": 0.01630705278703374,
      "rolling_acceleration": -0.0043098162902432055
    }
  },
  "normalized_parameters": [
    0.01750485944112201,
    0.7500030335477395,
    0.7365756425346307,
    0.9024355611909075,
    0.6944809307026855,
    0.762326479559716,
    0.6564354346394832,
    0.5365541461973505,
    0.8774069050032725,
    0.4532222325188223,
    0.6158938260432322,
    0.271784213117229,
    0.4384311958536685
  ],
  "perturbations": [
    {
      "method": "homography",
      "enabled": true,
      "strength": 0.00031508746994019616,
      "seed": 7015
    },
    {
      "method": "thin-plate-spline",
      "enabled": true,
      "strength": 0.004500018201286437,
      "seed": 7016,
      "grid": 9
    },
    {
      "method": "delaunay",
      "enabled": true,
      "strength": 0.010829226734290891,
      "seed": 7017,
      "grid": 10
    },
    {
      "method": "fft-phase",
      "enabled": true,
      "strength": 1.524652959119432,
      "seed": 7018,
      "coefficients": 12
    },
    {
      "method": "elastic",
      "enabled": true,
      "strength": 0.006438649754368206,
      "seed": 7019,
      "sigma": 18.283696670045813
    },
    {
      "method": "rolling-shutter",
      "enabled": true,
      "strength": 0.005438666790225868,
      "seed": 7020,
      "rolling_frequency": 2.0397345651080805,
      "rolling_phase": 0.0,
      "rolling_shear": 0.01630705278703374,
      "rolling_acceleration": -0.0043098162902432055
    }
  ],
  "diffusion": {
    "cpu": false,
    "device": "auto",
    "gpu_index": 0,
    "selected_model": "flux2_klein",
    "selected_model_id": "black-forest-labs/FLUX.2-klein-4B",
    "model_id": "black-forest-labs/FLUX.2-klein-4B",
    "num_inference_steps": 4,
    "guidance_scale": 1.0,
    "image_guidance_scale": 1.0,
    "max_size": 768,
    "seed": 7006,
    "instruct_pix2pix": {
      "enabled": false,
      "model_id": "timbrooks/instruct-pix2pix",
      "num_inference_steps": 20,
      "guidance_scale": 7.5,
      "image_guidance_scale": 1.0,
      "max_size": 768,
      "seed": 7006
    },
    "flux2_klein": {
      "enabled": true,
      "model_id": "black-forest-labs/FLUX.2-klein-4B",
      "num_inference_steps": 4,
      "guidance_scale": 1.0,
      "max_size": 768,
      "height": null,
      "width": null,
      "max_sequence_length": 512,
      "text_encoder_out_layers": [
        9,
        18,
        27
      ],
      "torch_dtype": "bfloat16",
      "cpu_offload": false,
      "sigmas": null,
      "seed": 7006
    },
    "used_model": "flux2_klein",
    "used_model_id": "black-forest-labs/FLUX.2-klein-4B",
    "resolved_device": "cuda:0"
  },
  "embedding_backends": {
    "identity": {
      "models": {
        "SFace": true,
        "OpenFace": false,
        "Facenet": false,
        "Facenet512": true
      },
      "detector_backend": "skip",
      "direct_embedding": true,
      "fallback": "verify_distance"
    },
    "output_vae": {
      "ok": true,
      "source": "diffusion_pipeline_vae",
      "device": "cuda:0",
      "selected_model": "flux2_klein"
    }
  },
  "errors": {},
  "outputs": {
    "perturbed": "/workspace/output/mentor_results_20260614_092647/search/pass2/06_men16_sunglasses_relaxed/embedding_loss_run_20260614_100047/iterations/iter_000009/perturbed.png",
    "perturbed_diffused": "/workspace/output/mentor_results_20260614_092647/search/pass2/06_men16_sunglasses_relaxed/embedding_loss_run_20260614_100047/iterations/iter_000009/perturbed_diffused.png",
    "metrics": "/workspace/output/mentor_results_20260614_092647/search/pass2/06_men16_sunglasses_relaxed/embedding_loss_run_20260614_100047/iterations/iter_000009/metrics.json"
  },
  "elapsed_seconds": 3.4689213200472295
}