{
  "config": {
    "input": "/workspace/gender_dataset/men/74.jpg",
    "prompt": "make the person smile",
    "output_dir": "/workspace/output/geo_whitebox_results_20260614_172707/blackbox/men74_smile_mouth_g8p12",
    "seed": 7701,
    "max_size": 512,
    "diffusion_steps": 4,
    "guidance_scale": 1.0,
    "max_sequence_length": 512,
    "text_encoder_out_layers": [
      9,
      18,
      27
    ],
    "torch_dtype": "bfloat16",
    "methods": [
      "tps",
      "piecewise",
      "dct",
      "grid",
      "rolling"
    ],
    "objective": "final_edit_blackbox",
    "attack_iters": 0,
    "lr": 0.08,
    "max_disp_px": 2.0,
    "init_scale_px": 0.0,
    "grid_size": 6,
    "dct_size": 4,
    "rbf_size": 5,
    "rbf_sigma": 0.55,
    "tps_size": 5,
    "piecewise_size": 5,
    "padding_mode": "reflection",
    "face_mask": "mouth",
    "face_center_x": 0.525,
    "face_center_y": 0.41046875,
    "face_radius_x": 0.33599999999999997,
    "face_radius_y": 0.3075,
    "use_gates": true,
    "gate_init": 2.0,
    "lambda_visual": 30.0,
    "lambda_disp": 0.1,
    "lambda_smooth": 0.2,
    "lambda_fold": 5.0,
    "lambda_method_l1": 0.02,
    "lambda_gate_l1": 0.01,
    "hybrid_vae_weight": 0.2,
    "feature_layers": [
      0,
      4,
      8
    ],
    "feature_source": "blocks",
    "objective_timestep": 0,
    "objective_timesteps": [
      0
    ],
    "edge_falloff_px": 16.0,
    "save_theta": true
  },
  "projected_parameters_finite": true,
  "metrics": {
    "input": {
      "psnr": 41.88189536791727,
      "ssim": 0.9905918359837592,
      "l2": 0.008052027168938833,
      "mean_abs": 0.002116370713338256,
      "max_abs": 0.270588219165802
    },
    "output": {
      "psnr": 43.86167633940846,
      "ssim": 0.9933730482409434,
      "l2": 0.006410858378307351,
      "mean_abs": 0.0022470189724117517,
      "max_abs": 0.1882353127002716
    },
    "clean_edit": {
      "psnr": 25.388044532960432,
      "ssim": 0.9410846748368386,
      "l2": 0.05377714887769222,
      "mean_abs": 0.044717803597450256,
      "max_abs": 0.7372549176216125
    },
    "perturbed_edit": {
      "psnr": 25.59159057751282,
      "ssim": 0.9456520080255597,
      "l2": 0.0525315809418161,
      "mean_abs": 0.044075824320316315,
      "max_abs": 0.7058823704719543
    },
    "displacement": {
      "max_dx_px": 1.0129103660583496,
      "max_dy_px": 0.982110857963562,
      "max_magnitude_px": 1.2076524496078491,
      "mean_magnitude_px": 0.162332683801651,
      "p95_magnitude_px": 0.9731054902076721
    },
    "score_terms": {
      "prompt_failure": 0.0012455679358761226,
      "output_diverge": 0.0585620989277631,
      "stealth_penalty": 0.0
    }
  },
  "score": 0.06354437067126759,
  "valid": true,
  "method_displacement": {
    "rolling": {
      "max_dx_px": 0.1783197522163391,
      "max_dy_px": 0.0,
      "max_magnitude_px": 0.1783197522163391,
      "mean_magnitude_px": 0.018934382125735283,
      "p95_magnitude_px": 0.13520677387714386
    },
    "grid": {
      "max_dx_px": 0.28132814168930054,
      "max_dy_px": 0.26223835349082947,
      "max_magnitude_px": 0.3395948112010956,
      "mean_magnitude_px": 0.03179599717259407,
      "p95_magnitude_px": 0.21635966002941132
    },
    "dct": {
      "max_dx_px": 1.147046685218811,
      "max_dy_px": 0.9607968926429749,
      "max_magnitude_px": 1.201468825340271,
      "mean_magnitude_px": 0.14575882256031036,
      "p95_magnitude_px": 0.8772104382514954
    },
    "tps": {
      "max_dx_px": 0.3340355455875397,
      "max_dy_px": 0.42294636368751526,
      "max_magnitude_px": 0.425348162651062,
      "mean_magnitude_px": 0.04161679372191429,
      "p95_magnitude_px": 0.2994508743286133
    },
    "piecewise": {
      "max_dx_px": 0.19206200540065765,
      "max_dy_px": 0.24700488150119781,
      "max_magnitude_px": 0.27026674151420593,
      "mean_magnitude_px": 0.02370547316968441,
      "p95_magnitude_px": 0.16177769005298615
    }
  },
  "gate_values": {
    "tps": 0.8800016045570374,
    "piecewise": 0.8595791459083557,
    "dct": 0.8176538944244385,
    "grid": 0.909195065498352,
    "rolling": 0.8871544599533081
  },
  "outputs": {
    "original": "/workspace/output/geo_whitebox_results_20260614_172707/blackbox/men74_smile_mouth_g8p12/cand_081_g07_m09/original.png",
    "perturbed": "/workspace/output/geo_whitebox_results_20260614_172707/blackbox/men74_smile_mouth_g8p12/cand_081_g07_m09/perturbed.png",
    "original_diffused": "/workspace/output/geo_whitebox_results_20260614_172707/blackbox/men74_smile_mouth_g8p12/cand_081_g07_m09/original_diffused.png",
    "perturbed_diffused": "/workspace/output/geo_whitebox_results_20260614_172707/blackbox/men74_smile_mouth_g8p12/cand_081_g07_m09/perturbed_diffused.png",
    "flow": "/workspace/output/geo_whitebox_results_20260614_172707/blackbox/men74_smile_mouth_g8p12/cand_081_g07_m09/flow.png",
    "report": "/workspace/output/geo_whitebox_results_20260614_172707/blackbox/men74_smile_mouth_g8p12/cand_081_g07_m09/report.json"
  }
}