{
  "config": {
    "input": "/workspace/gender_dataset/men/51.jpg",
    "prompt": "turn the image into a professional headshot",
    "output_dir": "/workspace/output/geo_whitebox_results_20260614_172707/blackbox/men51_headshot_local_from_whitebox_g6p12",
    "seed": 7401,
    "max_size": 512,
    "diffusion_steps": 4,
    "guidance_scale": 1.0,
    "max_sequence_length": 512,
    "text_encoder_out_layers": [
      9,
      18,
      27
    ],
    "torch_dtype": "bfloat16",
    "methods": [
      "tps",
      "piecewise",
      "dct",
      "rolling"
    ],
    "objective": "final_edit_blackbox",
    "attack_iters": 0,
    "lr": 0.08,
    "max_disp_px": 2.5,
    "init_scale_px": 0.0,
    "grid_size": 6,
    "dct_size": 4,
    "rbf_size": 5,
    "rbf_sigma": 0.55,
    "tps_size": 5,
    "piecewise_size": 5,
    "padding_mode": "reflection",
    "face_mask": "face",
    "face_center_x": 0.4208984375,
    "face_center_y": 0.2930952380952381,
    "face_radius_x": 0.22,
    "face_radius_y": 0.3,
    "use_gates": true,
    "gate_init": 2.0,
    "lambda_visual": 30.0,
    "lambda_disp": 0.1,
    "lambda_smooth": 0.2,
    "lambda_fold": 5.0,
    "lambda_method_l1": 0.02,
    "lambda_gate_l1": 0.01,
    "hybrid_vae_weight": 0.2,
    "feature_layers": [
      0,
      4,
      8
    ],
    "feature_source": "blocks",
    "objective_timestep": 0,
    "objective_timesteps": [
      0
    ],
    "edge_falloff_px": 16.0,
    "save_theta": true
  },
  "projected_parameters_finite": true,
  "metrics": {
    "input": {
      "psnr": 41.22235021330375,
      "ssim": 0.9930134461330752,
      "l2": 0.008687253392519932,
      "mean_abs": 0.0019582314416766167,
      "max_abs": 0.32549020648002625
    },
    "output": {
      "psnr": 33.54989267235398,
      "ssim": 0.9843686693800932,
      "l2": 0.02101383734743483,
      "mean_abs": 0.004753447603434324,
      "max_abs": 0.729411780834198
    },
    "clean_edit": {
      "psnr": 13.235801921706294,
      "ssim": 0.5809445748915938,
      "l2": 0.21787625609761865,
      "mean_abs": 0.15768350660800934,
      "max_abs": 0.9607843160629272
    },
    "perturbed_edit": {
      "psnr": 13.22449326585981,
      "ssim": 0.5832453297108262,
      "l2": 0.218160106380592,
      "mean_abs": 0.15772975981235504,
      "max_abs": 0.9607843160629272
    },
    "displacement": {
      "max_dx_px": 0.4884573817253113,
      "max_dy_px": 0.6554024815559387,
      "max_magnitude_px": 0.7892528176307678,
      "mean_magnitude_px": 0.08629068732261658,
      "p95_magnitude_px": 0.5336136221885681
    },
    "score_terms": {
      "prompt_failure": 0.0,
      "output_diverge": 0.16759450921680155,
      "stealth_penalty": 0.0
    }
  },
  "score": 0.16759450921680155,
  "valid": true,
  "method_displacement": {
    "rolling": {
      "max_dx_px": 0.06759656220674515,
      "max_dy_px": 0.0,
      "max_magnitude_px": 0.06759656220674515,
      "mean_magnitude_px": 0.005783487111330032,
      "p95_magnitude_px": 0.0327819399535656
    },
    "dct": {
      "max_dx_px": 0.6757785081863403,
      "max_dy_px": 0.6780933737754822,
      "max_magnitude_px": 0.931250274181366,
      "mean_magnitude_px": 0.09407852590084076,
      "p95_magnitude_px": 0.5992211699485779
    },
    "tps": {
      "max_dx_px": 0.1681198924779892,
      "max_dy_px": 0.1386970728635788,
      "max_magnitude_px": 0.21608465909957886,
      "mean_magnitude_px": 0.019739782437682152,
      "p95_magnitude_px": 0.10844288766384125
    },
    "piecewise": {
      "max_dx_px": 0.14049825072288513,
      "max_dy_px": 0.07189970463514328,
      "max_magnitude_px": 0.15252844989299774,
      "mean_magnitude_px": 0.02142227068543434,
      "p95_magnitude_px": 0.12863148748874664
    }
  },
  "gate_values": {
    "tps": 0.3854740560054779,
    "piecewise": 0.384312242269516,
    "dct": 0.4888659417629242,
    "rolling": 0.5824797749519348
  },
  "outputs": {
    "original": "/workspace/output/geo_whitebox_results_20260614_172707/blackbox/men51_headshot_local_from_whitebox_g6p12/cand_063_g06_m03/original.png",
    "perturbed": "/workspace/output/geo_whitebox_results_20260614_172707/blackbox/men51_headshot_local_from_whitebox_g6p12/cand_063_g06_m03/perturbed.png",
    "original_diffused": "/workspace/output/geo_whitebox_results_20260614_172707/blackbox/men51_headshot_local_from_whitebox_g6p12/cand_063_g06_m03/original_diffused.png",
    "perturbed_diffused": "/workspace/output/geo_whitebox_results_20260614_172707/blackbox/men51_headshot_local_from_whitebox_g6p12/cand_063_g06_m03/perturbed_diffused.png",
    "flow": "/workspace/output/geo_whitebox_results_20260614_172707/blackbox/men51_headshot_local_from_whitebox_g6p12/cand_063_g06_m03/flow.png",
    "report": "/workspace/output/geo_whitebox_results_20260614_172707/blackbox/men51_headshot_local_from_whitebox_g6p12/cand_063_g06_m03/report.json"
  }
}