{
  "iteration": 1,
  "label": "restart_0_initial",
  "loss": 51.982490928810584,
  "loss_components": {
    "input_psnr_penalty": 67.08691707129661,
    "input_ssim_penalty": 0.0,
    "pre_identity_penalty": 0.0,
    "post_identity_reward": -13.460263683392384,
    "output_vae_distance_reward": -1.0614849405841844,
    "output_pixel_l2_reward": -0.15751348774250845,
    "output_ssim_drop_reward": -0.4251640307669531,
    "parameter_regularization_penalty": 0.0
  },
  "metrics": {
    "input_stealth": {
      "psnr": 22.27112003848351,
      "ssim": 0.8418133095859893
    },
    "output_disruption": {
      "pixel_l2": 0.07875674387125423,
      "ssim": 0.8582786564110156,
      "ssim_drop": 0.14172134358898436
    },
    "identity": {
      "pre": {
        "models": {
          "SFace": {
            "enabled": true,
            "ok": true,
            "source": "direct_embedding",
            "similarity_percent": 99.01705624539808,
            "distance_percent": 0.9829437546019193,
            "raw_distance": 0.01965887509203834,
            "threshold": null,
            "embedding_l2": 0.14634553895129124
          },
          "OpenFace": {
            "enabled": false,
            "skipped": true
          },
          "Facenet": {
            "enabled": false,
            "skipped": true
          },
          "Facenet512": {
            "enabled": true,
            "ok": true,
            "source": "direct_embedding",
            "similarity_percent": 99.0352951774948,
            "distance_percent": 0.9647048225051975,
            "raw_distance": 0.019294096450103826,
            "threshold": null,
            "embedding_l2": 0.18962596602258946
          }
        },
        "mean_similarity_percent": 99.02617571144644,
        "mean_distance_percent": 0.9738242885535584,
        "ok_model_count": 2
      },
      "post": {
        "models": {
          "SFace": {
            "enabled": true,
            "ok": true,
            "source": "direct_embedding",
            "similarity_percent": 98.52752335315057,
            "distance_percent": 1.4724766468494295,
            "raw_distance": 0.0294495329369886,
            "threshold": null,
            "embedding_l2": 0.18521117697495262
          },
          "OpenFace": {
            "enabled": false,
            "skipped": true
          },
          "Facenet": {
            "enabled": false,
            "skipped": true
          },
          "Facenet512": {
            "enabled": true,
            "ok": true,
            "source": "direct_embedding",
            "similarity_percent": 96.08837117349248,
            "distance_percent": 3.911628826507524,
            "raw_distance": 0.0782325765301507,
            "threshold": null,
            "embedding_l2": 0.36248572645477334
          }
        },
        "mean_similarity_percent": 97.30794726332152,
        "mean_distance_percent": 2.6920527366784768,
        "ok_model_count": 2
      }
    },
    "vae_latent": {
      "output": {
        "l2": 1.0614849405841844,
        "cosine_distance": 0.2206829436103519
      }
    },
    "flux_transformer": {
      "enabled": false,
      "available": false,
      "loss_contribution": null
    }
  },
  "parameters": {
    "homography": {
      "strength": 0.006
    },
    "thin-plate-spline": {
      "strength": 0.0015,
      "grid": 7
    },
    "delaunay": {
      "strength": 0.0035000000000000005,
      "grid": 8
    },
    "fft-phase": {
      "strength": 0.35,
      "coefficients": 8
    },
    "elastic": {
      "strength": 0.0025,
      "sigma": 12.0
    },
    "rolling-shutter": {
      "strength": 0.0025,
      "rolling_frequency": 1.4,
      "rolling_shear": 0.012,
      "rolling_acceleration": 0.0
    }
  },
  "normalized_parameters": [
    0.33333333333333337,
    0.25,
    0.4,
    0.2916666666666667,
    0.3333333333333333,
    0.175,
    0.3333333333333333,
    0.20833333333333334,
    0.42857142857142855,
    0.20833333333333334,
    0.36,
    0.2,
    0.5
  ],
  "perturbations": [
    {
      "method": "homography",
      "enabled": true,
      "strength": 0.006,
      "seed": 7006
    },
    {
      "method": "thin-plate-spline",
      "enabled": true,
      "strength": 0.0015,
      "seed": 7007,
      "grid": 7
    },
    {
      "method": "delaunay",
      "enabled": true,
      "strength": 0.0035000000000000005,
      "seed": 7008,
      "grid": 8
    },
    {
      "method": "fft-phase",
      "enabled": true,
      "strength": 0.35,
      "seed": 7009,
      "coefficients": 8
    },
    {
      "method": "elastic",
      "enabled": true,
      "strength": 0.0025,
      "seed": 7010,
      "sigma": 12.0
    },
    {
      "method": "rolling-shutter",
      "enabled": true,
      "strength": 0.0025,
      "seed": 7011,
      "rolling_frequency": 1.4,
      "rolling_phase": 0.0,
      "rolling_shear": 0.012,
      "rolling_acceleration": 0.0
    }
  ],
  "diffusion": {
    "cpu": false,
    "device": "auto",
    "gpu_index": 0,
    "selected_model": "flux2_klein",
    "selected_model_id": "black-forest-labs/FLUX.2-klein-4B",
    "model_id": "black-forest-labs/FLUX.2-klein-4B",
    "num_inference_steps": 4,
    "guidance_scale": 1.0,
    "image_guidance_scale": 1.0,
    "max_size": 768,
    "seed": 7005,
    "instruct_pix2pix": {
      "enabled": false,
      "model_id": "timbrooks/instruct-pix2pix",
      "num_inference_steps": 20,
      "guidance_scale": 7.5,
      "image_guidance_scale": 1.0,
      "max_size": 768,
      "seed": 7005
    },
    "flux2_klein": {
      "enabled": true,
      "model_id": "black-forest-labs/FLUX.2-klein-4B",
      "num_inference_steps": 4,
      "guidance_scale": 1.0,
      "max_size": 768,
      "height": null,
      "width": null,
      "max_sequence_length": 512,
      "text_encoder_out_layers": [
        9,
        18,
        27
      ],
      "torch_dtype": "bfloat16",
      "cpu_offload": false,
      "sigmas": null,
      "seed": 7005
    },
    "used_model": "flux2_klein",
    "used_model_id": "black-forest-labs/FLUX.2-klein-4B",
    "resolved_device": "cuda:0"
  },
  "embedding_backends": {
    "identity": {
      "models": {
        "SFace": true,
        "OpenFace": false,
        "Facenet": false,
        "Facenet512": true
      },
      "detector_backend": "skip",
      "direct_embedding": true,
      "fallback": "verify_distance"
    },
    "output_vae": {
      "ok": true,
      "source": "diffusion_pipeline_vae",
      "device": "cuda:0",
      "selected_model": "flux2_klein"
    }
  },
  "errors": {},
  "outputs": {
    "perturbed": "/workspace/output/mentor_results_20260614_092647/search/pass2/05_men11_older_relaxed/embedding_loss_run_20260614_100013/iterations/iter_000001/perturbed.png",
    "perturbed_diffused": "/workspace/output/mentor_results_20260614_092647/search/pass2/05_men11_older_relaxed/embedding_loss_run_20260614_100013/iterations/iter_000001/perturbed_diffused.png",
    "metrics": "/workspace/output/mentor_results_20260614_092647/search/pass2/05_men11_older_relaxed/embedding_loss_run_20260614_100013/iterations/iter_000001/metrics.json"
  },
  "elapsed_seconds": 1.4724589320831
}