{
  "config": {
    "input": "/workspace/gender_dataset/men/66.jpg",
    "prompt": "add sunglasses",
    "output_dir": "/workspace/output/geo_whitebox_results_20260614_172707/blackbox/men66_sunglasses_upper_face_g8p12",
    "seed": 7601,
    "max_size": 512,
    "diffusion_steps": 4,
    "guidance_scale": 1.0,
    "max_sequence_length": 512,
    "text_encoder_out_layers": [
      9,
      18,
      27
    ],
    "torch_dtype": "bfloat16",
    "methods": [
      "tps",
      "piecewise",
      "dct",
      "grid",
      "rolling"
    ],
    "objective": "final_edit_blackbox",
    "attack_iters": 0,
    "lr": 0.08,
    "max_disp_px": 2.2,
    "init_scale_px": 0.0,
    "grid_size": 6,
    "dct_size": 4,
    "rbf_size": 5,
    "rbf_sigma": 0.55,
    "tps_size": 5,
    "piecewise_size": 5,
    "padding_mode": "reflection",
    "face_mask": "upper_face",
    "face_center_x": 0.5178571428571429,
    "face_center_y": 0.5237499999999999,
    "face_radius_x": 0.48,
    "face_radius_y": 0.46765625,
    "use_gates": true,
    "gate_init": 2.0,
    "lambda_visual": 30.0,
    "lambda_disp": 0.1,
    "lambda_smooth": 0.2,
    "lambda_fold": 5.0,
    "lambda_method_l1": 0.02,
    "lambda_gate_l1": 0.01,
    "hybrid_vae_weight": 0.2,
    "feature_layers": [
      0,
      4,
      8
    ],
    "feature_source": "blocks",
    "objective_timestep": 0,
    "objective_timesteps": [
      0
    ],
    "edge_falloff_px": 16.0,
    "save_theta": true
  },
  "projected_parameters_finite": true,
  "metrics": {
    "input": {
      "psnr": 37.565000353254554,
      "ssim": 0.9862397523784393,
      "l2": 0.01323579348476061,
      "mean_abs": 0.0042096516117453575,
      "max_abs": 0.3333333432674408
    },
    "output": {
      "psnr": 38.91900342980802,
      "ssim": 0.986761959662291,
      "l2": 0.011325302959467369,
      "mean_abs": 0.0047960965894162655,
      "max_abs": 0.27450981736183167
    },
    "clean_edit": {
      "psnr": 17.45610150731252,
      "ssim": 0.8925686597067154,
      "l2": 0.1340278110218611,
      "mean_abs": 0.045276228338479996,
      "max_abs": 0.9450980424880981
    },
    "perturbed_edit": {
      "psnr": 17.505198453368074,
      "ssim": 0.89641390302822,
      "l2": 0.1332723566287971,
      "mean_abs": 0.04386929050087929,
      "max_abs": 0.9372549057006836
    },
    "displacement": {
      "max_dx_px": 0.5980391502380371,
      "max_dy_px": 1.1803057193756104,
      "max_magnitude_px": 1.1939773559570312,
      "mean_magnitude_px": 0.19277584552764893,
      "p95_magnitude_px": 0.6999331712722778
    },
    "score_terms": {
      "prompt_failure": 0.0007554543930639868,
      "output_diverge": 0.10957867614817299,
      "stealth_penalty": 0.00869999293490892
    }
  },
  "score": 0.10390050078552002,
  "valid": true,
  "method_displacement": {
    "rolling": {
      "max_dx_px": 0.31386297941207886,
      "max_dy_px": 0.0,
      "max_magnitude_px": 0.31386297941207886,
      "mean_magnitude_px": 0.07523544877767563,
      "p95_magnitude_px": 0.29634252190589905
    },
    "grid": {
      "max_dx_px": 0.4378487169742584,
      "max_dy_px": 0.4161902964115143,
      "max_magnitude_px": 0.45292285084724426,
      "mean_magnitude_px": 0.09437499940395355,
      "p95_magnitude_px": 0.36732107400894165
    },
    "dct": {
      "max_dx_px": 0.9354515075683594,
      "max_dy_px": 0.8385906219482422,
      "max_magnitude_px": 1.1417720317840576,
      "mean_magnitude_px": 0.18422742187976837,
      "p95_magnitude_px": 0.7373000383377075
    },
    "tps": {
      "max_dx_px": 0.5184022784233093,
      "max_dy_px": 0.22328008711338043,
      "max_magnitude_px": 0.5366109013557434,
      "mean_magnitude_px": 0.08445382118225098,
      "p95_magnitude_px": 0.3788580000400543
    },
    "piecewise": {
      "max_dx_px": 0.34940922260284424,
      "max_dy_px": 0.30504846572875977,
      "max_magnitude_px": 0.39009612798690796,
      "mean_magnitude_px": 0.07293124496936798,
      "p95_magnitude_px": 0.27612414956092834
    }
  },
  "gate_values": {
    "tps": 0.8605111837387085,
    "piecewise": 0.9207517504692078,
    "dct": 0.8398792147636414,
    "grid": 0.9026081562042236,
    "rolling": 0.8627806305885315
  },
  "outputs": {
    "original": "/workspace/output/geo_whitebox_results_20260614_172707/blackbox/men66_sunglasses_upper_face_g8p12/cand_075_g07_m03/original.png",
    "perturbed": "/workspace/output/geo_whitebox_results_20260614_172707/blackbox/men66_sunglasses_upper_face_g8p12/cand_075_g07_m03/perturbed.png",
    "original_diffused": "/workspace/output/geo_whitebox_results_20260614_172707/blackbox/men66_sunglasses_upper_face_g8p12/cand_075_g07_m03/original_diffused.png",
    "perturbed_diffused": "/workspace/output/geo_whitebox_results_20260614_172707/blackbox/men66_sunglasses_upper_face_g8p12/cand_075_g07_m03/perturbed_diffused.png",
    "flow": "/workspace/output/geo_whitebox_results_20260614_172707/blackbox/men66_sunglasses_upper_face_g8p12/cand_075_g07_m03/flow.png",
    "report": "/workspace/output/geo_whitebox_results_20260614_172707/blackbox/men66_sunglasses_upper_face_g8p12/cand_075_g07_m03/report.json"
  }
}