{
  "config": {
    "input": "/workspace/gender_dataset/men/51.jpg",
    "prompt": "turn the image into a professional headshot",
    "output_dir": "/workspace/output/geo_whitebox_results_20260614_172707/blackbox/men51_headshot_local_seed5203_g6p12",
    "seed": 5203,
    "max_size": 512,
    "diffusion_steps": 4,
    "guidance_scale": 1.0,
    "max_sequence_length": 512,
    "text_encoder_out_layers": [
      9,
      18,
      27
    ],
    "torch_dtype": "bfloat16",
    "methods": [
      "tps",
      "piecewise",
      "dct",
      "rolling"
    ],
    "objective": "final_edit_blackbox",
    "attack_iters": 0,
    "lr": 0.08,
    "max_disp_px": 2.5,
    "init_scale_px": 0.0,
    "grid_size": 6,
    "dct_size": 4,
    "rbf_size": 5,
    "rbf_sigma": 0.55,
    "tps_size": 5,
    "piecewise_size": 5,
    "padding_mode": "reflection",
    "face_mask": "face",
    "face_center_x": 0.4208984375,
    "face_center_y": 0.2930952380952381,
    "face_radius_x": 0.22,
    "face_radius_y": 0.3,
    "use_gates": true,
    "gate_init": 2.0,
    "lambda_visual": 30.0,
    "lambda_disp": 0.1,
    "lambda_smooth": 0.2,
    "lambda_fold": 5.0,
    "lambda_method_l1": 0.02,
    "lambda_gate_l1": 0.01,
    "hybrid_vae_weight": 0.2,
    "feature_layers": [
      0,
      4,
      8
    ],
    "feature_source": "blocks",
    "objective_timestep": 0,
    "objective_timesteps": [
      0
    ],
    "edge_falloff_px": 16.0,
    "save_theta": true
  },
  "projected_parameters_finite": true,
  "metrics": {
    "input": {
      "psnr": 40.56806251501095,
      "ssim": 0.991326032664848,
      "l2": 0.009366921362673464,
      "mean_abs": 0.002266594674438238,
      "max_abs": 0.270588219165802
    },
    "output": {
      "psnr": 20.636592845250675,
      "ssim": 0.958214840612636,
      "l2": 0.09293308575747776,
      "mean_abs": 0.02046002633869648,
      "max_abs": 0.9607843160629272
    },
    "clean_edit": {
      "psnr": 13.513728419151365,
      "ssim": 0.585137327901636,
      "l2": 0.21101512187176083,
      "mean_abs": 0.16538751125335693,
      "max_abs": 0.9411764740943909
    },
    "perturbed_edit": {
      "psnr": 13.8822033316251,
      "ssim": 0.5904191499136103,
      "l2": 0.2022506068677957,
      "mean_abs": 0.15972837805747986,
      "max_abs": 0.929411768913269
    },
    "displacement": {
      "max_dx_px": 0.9098420739173889,
      "max_dy_px": 0.5622887015342712,
      "max_magnitude_px": 1.0167917013168335,
      "mean_magnitude_px": 0.09524506330490112,
      "p95_magnitude_px": 0.516197681427002
    },
    "score_terms": {
      "prompt_failure": 0.008764515003965134,
      "output_diverge": 0.631806066336845,
      "stealth_penalty": 0.0
    }
  },
  "score": 0.6668641263527055,
  "valid": true,
  "method_displacement": {
    "rolling": {
      "max_dx_px": 0.13027629256248474,
      "max_dy_px": 0.0,
      "max_magnitude_px": 0.13027629256248474,
      "mean_magnitude_px": 0.013749420642852783,
      "p95_magnitude_px": 0.08927211165428162
    },
    "dct": {
      "max_dx_px": 0.9255163669586182,
      "max_dy_px": 0.5212327241897583,
      "max_magnitude_px": 1.0106570720672607,
      "mean_magnitude_px": 0.09418176114559174,
      "p95_magnitude_px": 0.49000054597854614
    },
    "tps": {
      "max_dx_px": 0.0955539271235466,
      "max_dy_px": 0.16700436174869537,
      "max_magnitude_px": 0.18837369978427887,
      "mean_magnitude_px": 0.020415302366018295,
      "p95_magnitude_px": 0.13192878663539886
    },
    "piecewise": {
      "max_dx_px": 0.08005145192146301,
      "max_dy_px": 0.10794887691736221,
      "max_magnitude_px": 0.11162067949771881,
      "mean_magnitude_px": 0.010001379065215588,
      "p95_magnitude_px": 0.06322350353002548
    }
  },
  "gate_values": {
    "tps": 0.46018552780151367,
    "piecewise": 0.6057592034339905,
    "dct": 0.6844768524169922,
    "rolling": 0.4730236530303955
  },
  "outputs": {
    "original": "/workspace/output/geo_whitebox_results_20260614_172707/blackbox/men51_headshot_local_seed5203_g6p12/cand_009_g01_m09/original.png",
    "perturbed": "/workspace/output/geo_whitebox_results_20260614_172707/blackbox/men51_headshot_local_seed5203_g6p12/cand_009_g01_m09/perturbed.png",
    "original_diffused": "/workspace/output/geo_whitebox_results_20260614_172707/blackbox/men51_headshot_local_seed5203_g6p12/cand_009_g01_m09/original_diffused.png",
    "perturbed_diffused": "/workspace/output/geo_whitebox_results_20260614_172707/blackbox/men51_headshot_local_seed5203_g6p12/cand_009_g01_m09/perturbed_diffused.png",
    "flow": "/workspace/output/geo_whitebox_results_20260614_172707/blackbox/men51_headshot_local_seed5203_g6p12/cand_009_g01_m09/flow.png",
    "report": "/workspace/output/geo_whitebox_results_20260614_172707/blackbox/men51_headshot_local_seed5203_g6p12/cand_009_g01_m09/report.json"
  }
}