{
  "config": {
    "input": "/workspace/gender_dataset/men/57.jpg",
    "prompt": "make the person older",
    "output_dir": "/workspace/output/geo_whitebox_results_20260614_172707/search/geo_pass5_scaled/05_men57_older_dct_grid_tps_piecewise_rolling_affine_radial_denoise_latent_2.2px",
    "seed": 6205,
    "max_size": 512,
    "diffusion_steps": 4,
    "guidance_scale": 1.0,
    "max_sequence_length": 512,
    "text_encoder_out_layers": [
      9,
      18,
      27
    ],
    "torch_dtype": "bfloat16",
    "methods": [
      "dct",
      "grid",
      "tps",
      "piecewise",
      "rolling",
      "affine",
      "radial"
    ],
    "objective": "denoise_latent",
    "attack_iters": 24,
    "lr": 0.005,
    "max_disp_px": 2.2,
    "init_scale_px": 0.08,
    "grid_size": 8,
    "dct_size": 4,
    "rbf_size": 5,
    "rbf_sigma": 0.55,
    "tps_size": 6,
    "piecewise_size": 6,
    "padding_mode": "reflection",
    "face_mask": "face",
    "face_center_x": 0.49609375,
    "face_center_y": 0.5788888888888889,
    "face_radius_x": 0.29257812499999997,
    "face_radius_y": 0.6093055555555555,
    "use_gates": true,
    "gate_init": 2.0,
    "lambda_visual": 4.0,
    "lambda_disp": 0.02,
    "lambda_smooth": 0.04,
    "lambda_fold": 5.0,
    "lambda_method_l1": 0.002,
    "lambda_gate_l1": 0.001,
    "hybrid_vae_weight": 0.2,
    "objective_scale": 200.0,
    "feature_layers": [
      0,
      4,
      8
    ],
    "feature_source": "blocks",
    "objective_timestep": 0,
    "objective_timesteps": [
      0
    ],
    "edge_falloff_px": 16.0,
    "save_theta": true
  },
  "model_id": "black-forest-labs/FLUX.2-klein-4B",
  "device": "cuda:0",
  "elapsed_seconds": 23.572079161880538,
  "detected_face_fraction": [
    0.49609375,
    0.5788888888888889,
    0.29257812499999997,
    0.6093055555555555
  ],
  "metrics": {
    "input": {
      "psnr": 41.458789151099076,
      "ssim": 0.9905613398021278,
      "l2": 0.008453966887372884,
      "mean_abs": 0.003401887835934758,
      "max_abs": 0.2549019753932953
    },
    "output": {
      "psnr": 39.848817451757476,
      "ssim": 0.9926920716812068,
      "l2": 0.010175578930833219,
      "mean_abs": 0.006759035401046276,
      "max_abs": 0.19607843458652496
    },
    "displacement": {
      "max_dx_px": 0.6262314915657043,
      "max_dy_px": 0.7152004241943359,
      "max_magnitude_px": 0.8671000599861145,
      "mean_magnitude_px": 0.18096618354320526,
      "p95_magnitude_px": 0.5877715349197388
    },
    "jacobian": {
      "jacobian_det_min": 0.9807671904563904,
      "jacobian_det_mean": 0.9999940991401672,
      "foldover_fraction_det_below_0": 0.0,
      "low_det_fraction_below_0p2": 0.0
    }
  },
  "attack": {
    "history": [
      {
        "iter": 1,
        "projected_parameters_finite": false,
        "loss": -1.1293600797653198,
        "objective": 0.005654818378388882,
        "scaled_objective": 1.130963683128357,
        "pred_mse": 0.005654818378388882,
        "vae_mse": 0.013410665094852448,
        "feature_mse": 0.0,
        "visual_mse": 7.08604056853801e-05,
        "disp_penalty": 0.015450515784323215,
        "smooth": 0.0024983587209135294,
        "fold": 0.0,
        "method_l1": 0.015169703401625156,
        "gate_l1": 0.8807970881462097,
        "max_dx_px": 0.6262314915657043,
        "max_dy_px": 0.7152004241943359,
        "max_magnitude_px": 0.8671000599861145,
        "mean_magnitude_px": 0.18096618354320526,
        "p95_magnitude_px": 0.5877715349197388,
        "jacobian_det_min": 0.9807671904563904,
        "jacobian_det_mean": 0.9999940991401672,
        "foldover_fraction_det_below_0": 0.0,
        "low_det_fraction_below_0p2": 0.0
      },
      {
        "iter": 3,
        "projected_parameters_finite": false,
        "loss": -0.06256872415542603,
        "objective": 0.00031534364097751677,
        "scaled_objective": 0.06306872516870499,
        "pred_mse": 0.00031534364097751677,
        "vae_mse": 2.4638738977955654e-05,
        "feature_mse": 0.0,
        "visual_mse": 7.065025241269687e-14,
        "disp_penalty": 0.0,
        "smooth": 0.0,
        "fold": 0.0,
        "method_l1": 0.0,
        "gate_l1": 0.5,
        "max_dx_px": 0.0,
        "max_dy_px": 0.0,
        "max_magnitude_px": 0.0,
        "mean_magnitude_px": 0.0,
        "p95_magnitude_px": 0.0,
        "jacobian_det_min": 1.0,
        "jacobian_det_mean": 1.0,
        "foldover_fraction_det_below_0": 0.0,
        "low_det_fraction_below_0p2": 0.0
      },
      {
        "iter": 6,
        "projected_parameters_finite": false,
        "loss": -0.06256872415542603,
        "objective": 0.00031534364097751677,
        "scaled_objective": 0.06306872516870499,
        "pred_mse": 0.00031534364097751677,
        "vae_mse": 2.4638738977955654e-05,
        "feature_mse": 0.0,
        "visual_mse": 7.065025241269687e-14,
        "disp_penalty": 0.0,
        "smooth": 0.0,
        "fold": 0.0,
        "method_l1": 0.0,
        "gate_l1": 0.5,
        "max_dx_px": 0.0,
        "max_dy_px": 0.0,
        "max_magnitude_px": 0.0,
        "mean_magnitude_px": 0.0,
        "p95_magnitude_px": 0.0,
        "jacobian_det_min": 1.0,
        "jacobian_det_mean": 1.0,
        "foldover_fraction_det_below_0": 0.0,
        "low_det_fraction_below_0p2": 0.0
      },
      {
        "iter": 9,
        "projected_parameters_finite": false,
        "loss": -0.06256872415542603,
        "objective": 0.00031534364097751677,
        "scaled_objective": 0.06306872516870499,
        "pred_mse": 0.00031534364097751677,
        "vae_mse": 2.4638738977955654e-05,
        "feature_mse": 0.0,
        "visual_mse": 7.065025241269687e-14,
        "disp_penalty": 0.0,
        "smooth": 0.0,
        "fold": 0.0,
        "method_l1": 0.0,
        "gate_l1": 0.5,
        "max_dx_px": 0.0,
        "max_dy_px": 0.0,
        "max_magnitude_px": 0.0,
        "mean_magnitude_px": 0.0,
        "p95_magnitude_px": 0.0,
        "jacobian_det_min": 1.0,
        "jacobian_det_mean": 1.0,
        "foldover_fraction_det_below_0": 0.0,
        "low_det_fraction_below_0p2": 0.0
      },
      {
        "iter": 12,
        "projected_parameters_finite": false,
        "loss": -0.06256872415542603,
        "objective": 0.00031534364097751677,
        "scaled_objective": 0.06306872516870499,
        "pred_mse": 0.00031534364097751677,
        "vae_mse": 2.4638738977955654e-05,
        "feature_mse": 0.0,
        "visual_mse": 7.065025241269687e-14,
        "disp_penalty": 0.0,
        "smooth": 0.0,
        "fold": 0.0,
        "method_l1": 0.0,
        "gate_l1": 0.5,
        "max_dx_px": 0.0,
        "max_dy_px": 0.0,
        "max_magnitude_px": 0.0,
        "mean_magnitude_px": 0.0,
        "p95_magnitude_px": 0.0,
        "jacobian_det_min": 1.0,
        "jacobian_det_mean": 1.0,
        "foldover_fraction_det_below_0": 0.0,
        "low_det_fraction_below_0p2": 0.0
      },
      {
        "iter": 15,
        "projected_parameters_finite": false,
        "loss": -0.06256872415542603,
        "objective": 0.00031534364097751677,
        "scaled_objective": 0.06306872516870499,
        "pred_mse": 0.00031534364097751677,
        "vae_mse": 2.4638738977955654e-05,
        "feature_mse": 0.0,
        "visual_mse": 7.065025241269687e-14,
        "disp_penalty": 0.0,
        "smooth": 0.0,
        "fold": 0.0,
        "method_l1": 0.0,
        "gate_l1": 0.5,
        "max_dx_px": 0.0,
        "max_dy_px": 0.0,
        "max_magnitude_px": 0.0,
        "mean_magnitude_px": 0.0,
        "p95_magnitude_px": 0.0,
        "jacobian_det_min": 1.0,
        "jacobian_det_mean": 1.0,
        "foldover_fraction_det_below_0": 0.0,
        "low_det_fraction_below_0p2": 0.0
      },
      {
        "iter": 18,
        "projected_parameters_finite": false,
        "loss": -0.06256872415542603,
        "objective": 0.00031534364097751677,
        "scaled_objective": 0.06306872516870499,
        "pred_mse": 0.00031534364097751677,