{
  "iteration": 9,
  "label": "restart_0_random_8",
  "loss": 34.08786253234452,
  "loss_components": {
    "input_psnr_penalty": 57.25116729234685,
    "input_ssim_penalty": 0.045719404990031215,
    "pre_identity_penalty": 0.0,
    "post_identity_reward": -21.274488160698937,
    "output_vae_distance_reward": -1.1955416478004537,
    "output_pixel_l2_reward": -0.15699177252549737,
    "output_ssim_drop_reward": -0.6286724581820481,
    "parameter_regularization_penalty": 0.046669874214571826
  },
  "metrics": {
    "input_stealth": {
      "psnr": 22.631507991219134,
      "ssim": 0.800961811436308
    },
    "output_disruption": {
      "pixel_l2": 0.07849588626274868,
      "ssim": 0.7904425139393173,
      "ssim_drop": 0.2095574860606827
    },
    "identity": {
      "pre": {
        "models": {
          "SFace": {
            "enabled": true,
            "ok": true,
            "source": "direct_embedding",
            "similarity_percent": 97.7020857960007,
            "distance_percent": 2.297914203999298,
            "raw_distance": 0.045958284079986034,
            "threshold": null,
            "embedding_l2": 0.1310207395533827
          },
          "OpenFace": {
            "enabled": false,
            "skipped": true
          },
          "Facenet": {
            "enabled": false,
            "skipped": true
          },
          "Facenet512": {
            "enabled": true,
            "ok": true,
            "source": "direct_embedding",
            "similarity_percent": 98.91368998090222,
            "distance_percent": 1.0863100190977804,
            "raw_distance": 0.021726200381955718,
            "threshold": null,
            "embedding_l2": 0.10126442531835574
          }
        },
        "mean_similarity_percent": 98.30788788845146,
        "mean_distance_percent": 1.6921121115485391,
        "ok_model_count": 2
      },
      "post": {
        "models": {
          "SFace": {
            "enabled": true,
            "ok": true,
            "source": "direct_embedding",
            "similarity_percent": 94.63549219927252,
            "distance_percent": 5.3645078007274805,
            "raw_distance": 0.10729015601454972,
            "threshold": null,
            "embedding_l2": 0.18102133845140642
          },
          "OpenFace": {
            "enabled": false,
            "skipped": true
          },
          "Facenet": {
            "enabled": false,
            "skipped": true
          },
          "Facenet512": {
            "enabled": true,
            "ok": true,
            "source": "direct_embedding",
            "similarity_percent": 96.8547125364479,
            "distance_percent": 3.145287463552094,
            "raw_distance": 0.06290574927104198,
            "threshold": null,
            "embedding_l2": 0.15777131768697256
          }
        },
        "mean_similarity_percent": 95.74510236786021,
        "mean_distance_percent": 4.254897632139787,
        "ok_model_count": 2
      }
    },
    "vae_latent": {
      "output": {
        "l2": 1.1955416478004537,
        "cosine_distance": 0.30227294135973226
      }
    },
    "flux_transformer": {
      "enabled": false,
      "available": false,
      "loss_contribution": null
    }
  },
  "parameters": {
    "homography": {
      "strength": 0.016536917135360468
    },
    "thin-plate-spline": {
      "strength": 0.00496377673131575,
      "grid": 9
    },
    "delaunay": {
      "strength": 0.00182807179844648,
      "grid": 9
    },
    "fft-phase": {
      "strength": 0.12280551917983629,
      "coefficients": 14
    },
    "elastic": {
      "strength": 0.002025399295277996,
      "sigma": 10.211757639812689
    },
    "rolling-shutter": {
      "strength": 0.011989992270077418,
      "rolling_frequency": 1.3822963143454583,
      "rolling_shear": 0.04859295559434762,
      "rolling_acceleration": 0.025393894199572206
    }
  },
  "normalized_parameters": [
    0.9187176186311372,
    0.8272961218859582,
    0.8371131956176967,
    0.15233931653720667,
    0.42387314217107197,
    0.06140275958991814,
    0.8615959978333545,
    0.16878327460649967,
    0.300839831415192,
    0.9991660225064515,
    0.3529185257381833,
    0.809882593239127,
    0.8627699171367458
  ],
  "perturbations": [
    {
      "method": "homography",
      "enabled": true,
      "strength": 0.016536917135360468,
      "seed": 7011
    },
    {
      "method": "thin-plate-spline",
      "enabled": true,
      "strength": 0.00496377673131575,
      "seed": 7012,
      "grid": 9
    },
    {
      "method": "delaunay",
      "enabled": true,
      "strength": 0.00182807179844648,
      "seed": 7013,
      "grid": 9
    },
    {
      "method": "fft-phase",
      "enabled": true,
      "strength": 0.12280551917983629,
      "seed": 7014,
      "coefficients": 14
    },
    {
      "method": "elastic",
      "enabled": true,
      "strength": 0.002025399295277996,
      "seed": 7015,
      "sigma": 10.211757639812689
    },
    {
      "method": "rolling-shutter",
      "enabled": true,
      "strength": 0.011989992270077418,
      "seed": 7016,
      "rolling_frequency": 1.3822963143454583,
      "rolling_phase": 0.0,
      "rolling_shear": 0.04859295559434762,
      "rolling_acceleration": 0.025393894199572206
    }
  ],
  "diffusion": {
    "cpu": false,
    "device": "auto",
    "gpu_index": 0,
    "selected_model": "flux2_klein",
    "selected_model_id": "black-forest-labs/FLUX.2-klein-4B",
    "model_id": "black-forest-labs/FLUX.2-klein-4B",
    "num_inference_steps": 4,
    "guidance_scale": 1.0,
    "image_guidance_scale": 1.0,
    "max_size": 768,
    "seed": 7002,
    "instruct_pix2pix": {
      "enabled": false,
      "model_id": "timbrooks/instruct-pix2pix",
      "num_inference_steps": 20,
      "guidance_scale": 7.5,
      "image_guidance_scale": 1.0,
      "max_size": 768,
      "seed": 7002
    },
    "flux2_klein": {
      "enabled": true,
      "model_id": "black-forest-labs/FLUX.2-klein-4B",
      "num_inference_steps": 4,
      "guidance_scale": 1.0,
      "max_size": 768,
      "height": null,
      "width": null,
      "max_sequence_length": 512,
      "text_encoder_out_layers": [
        9,
        18,
        27
      ],
      "torch_dtype": "bfloat16",
      "cpu_offload": false,
      "sigmas": null,
      "seed": 7002
    },
    "used_model": "flux2_klein",
    "used_model_id": "black-forest-labs/FLUX.2-klein-4B",
    "resolved_device": "cuda:0"
  },
  "embedding_backends": {
    "identity": {
      "models": {
        "SFace": true,
        "OpenFace": false,
        "Facenet": false,
        "Facenet512": true
      },
      "detector_backend": "skip",
      "direct_embedding": true,
      "fallback": "verify_distance"
    },
    "output_vae": {
      "ok": true,
      "source": "diffusion_pipeline_vae",
      "device": "cuda:0",
      "selected_model": "flux2_klein"
    }
  },
  "errors": {},
  "outputs": {
    "perturbed": "/workspace/output/mentor_results_20260614_092647/search/pass2/02_sample_older_relaxed/embedding_loss_run_20260614_095821/iterations/iter_000009/perturbed.png",
    "perturbed_diffused": "/workspace/output/mentor_results_20260614_092647/search/pass2/02_sample_older_relaxed/embedding_loss_run_20260614_095821/iterations/iter_000009/perturbed_diffused.png",
    "metrics": "/workspace/output/mentor_results_20260614_092647/search/pass2/02_sample_older_relaxed/embedding_loss_run_20260614_095821/iterations/iter_000009/metrics.json"
  },
  "elapsed_seconds": 2.5271846051327884
}