{
  "iteration": 1,
  "label": "restart_0_initial",
  "loss": 5.3014799102438515,
  "loss_components": {
    "input_psnr_penalty": 12.490662202938388,
    "input_ssim_penalty": 0.03931893832194957,
    "pre_identity_penalty": 0.0,
    "post_identity_reward": -5.936028727992717,
    "output_vae_distance_reward": -0.9871842163859811,
    "output_pixel_l2_reward": -0.062378784084240885,
    "output_ssim_drop_reward": -0.24290950255354748,
    "parameter_regularization_penalty": 0.0
  },
  "metrics": {
    "input_stealth": {
      "psnr": 27.95952111805926,
      "ssim": 0.8637973581433852
    },
    "output_disruption": {
      "pixel_l2": 0.04158585605616059,
      "ssim": 0.8785452487232263,
      "ssim_drop": 0.12145475127677374
    },
    "identity": {
      "pre": {
        "models": {
          "SFace": {
            "enabled": true,
            "ok": true,
            "source": "direct_embedding",
            "similarity_percent": 98.1949196069133,
            "distance_percent": 1.8050803930866977,
            "raw_distance": 0.036101607861734,
            "threshold": null,
            "embedding_l2": 0.12181050488809558
          },
          "OpenFace": {
            "enabled": false,
            "skipped": true
          },
          "Facenet": {
            "enabled": false,
            "skipped": true
          },
          "Facenet512": {
            "enabled": true,
            "ok": true,
            "source": "direct_embedding",
            "similarity_percent": 99.33873900712376,
            "distance_percent": 0.6612609928762367,
            "raw_distance": 0.013225219857524673,
            "threshold": null,
            "embedding_l2": 0.09823360969848915
          }
        },
        "mean_similarity_percent": 98.76682930701853,
        "mean_distance_percent": 1.2331706929814672,
        "ok_model_count": 2
      },
      "post": {
        "models": {
          "SFace": {
            "enabled": true,
            "ok": true,
            "source": "direct_embedding",
            "similarity_percent": 95.79679659785685,
            "distance_percent": 4.203203402143146,
            "raw_distance": 0.08406406804286293,
            "threshold": null,
            "embedding_l2": 0.166080395248534
          },
          "OpenFace": {
            "enabled": false,
            "skipped": true
          },
          "Facenet": {
            "enabled": false,
            "skipped": true
          },
          "Facenet512": {
            "enabled": true,
            "ok": true,
            "source": "direct_embedding",
            "similarity_percent": 99.45438041974897,
            "distance_percent": 0.545619580251028,
            "raw_distance": 0.010912391605020666,
            "threshold": null,
            "embedding_l2": 0.09543803466498248
          }
        },
        "mean_similarity_percent": 97.6255885088029,
        "mean_distance_percent": 2.374411491197087,
        "ok_model_count": 2
      }
    },
    "vae_latent": {
      "output": {
        "l2": 0.9871842163859811,
        "cosine_distance": 0.18579960954110986
      }
    },
    "flux_transformer": {
      "enabled": false,
      "available": false,
      "loss_contribution": null
    }
  },
  "parameters": {
    "thin-plate-spline": {
      "strength": 0.0015,
      "grid": 7
    },
    "delaunay": {
      "strength": 0.0035000000000000005,
      "grid": 8
    },
    "fft-phase": {
      "strength": 0.35,
      "coefficients": 8
    },
    "elastic": {
      "strength": 0.0025,
      "sigma": 12.0
    },
    "rolling-shutter": {
      "strength": 0.0025,
      "rolling_frequency": 1.4,
      "rolling_shear": 0.012,
      "rolling_acceleration": 0.0
    }
  },
  "normalized_parameters": [
    0.33333333333333337,
    0.5,
    0.38888888888888895,
    0.4,
    0.35,
    0.4,
    0.3125,
    0.45454545454545453,
    0.3125,
    0.4285714285714285,
    0.3,
    0.5
  ],
  "perturbations": [
    {
      "method": "homography",
      "enabled": false,
      "strength": 0.006,
      "seed": 7005
    },
    {
      "method": "thin-plate-spline",
      "enabled": true,
      "strength": 0.0015,
      "seed": 7006,
      "grid": 7
    },
    {
      "method": "delaunay",
      "enabled": true,
      "strength": 0.0035000000000000005,
      "seed": 7007,
      "grid": 8
    },
    {
      "method": "fft-phase",
      "enabled": true,
      "strength": 0.35,
      "seed": 7008,
      "coefficients": 8
    },
    {
      "method": "elastic",
      "enabled": true,
      "strength": 0.0025,
      "seed": 7009,
      "sigma": 12.0
    },
    {
      "method": "rolling-shutter",
      "enabled": true,
      "strength": 0.0025,
      "seed": 7010,
      "rolling_frequency": 1.4,
      "rolling_phase": 0.0,
      "rolling_shear": 0.012,
      "rolling_acceleration": 0.0
    }
  ],
  "diffusion": {
    "cpu": false,
    "device": "auto",
    "gpu_index": 0,
    "selected_model": "flux2_klein",
    "selected_model_id": "black-forest-labs/FLUX.2-klein-4B",
    "model_id": "black-forest-labs/FLUX.2-klein-4B",
    "num_inference_steps": 4,
    "guidance_scale": 1.0,
    "image_guidance_scale": 1.0,
    "max_size": 768,
    "seed": 7004,
    "instruct_pix2pix": {
      "enabled": false,
      "model_id": "timbrooks/instruct-pix2pix",
      "num_inference_steps": 20,
      "guidance_scale": 7.5,
      "image_guidance_scale": 1.0,
      "max_size": 768,
      "seed": 7004
    },
    "flux2_klein": {
      "enabled": true,
      "model_id": "black-forest-labs/FLUX.2-klein-4B",
      "num_inference_steps": 4,
      "guidance_scale": 1.0,
      "max_size": 768,
      "height": null,
      "width": null,
      "max_sequence_length": 512,
      "text_encoder_out_layers": [
        9,
        18,
        27
      ],
      "torch_dtype": "bfloat16",
      "cpu_offload": false,
      "sigmas": null,
      "seed": 7004
    },
    "used_model": "flux2_klein",
    "used_model_id": "black-forest-labs/FLUX.2-klein-4B",
    "resolved_device": "cuda:0"
  },
  "embedding_backends": {
    "identity": {
      "models": {
        "SFace": true,
        "OpenFace": false,
        "Facenet": false,
        "Facenet512": true
      },
      "detector_backend": "skip",
      "direct_embedding": true,
      "fallback": "verify_distance"
    },
    "output_vae": {
      "ok": true,
      "source": "diffusion_pipeline_vae",
      "device": "cuda:0",
      "selected_model": "flux2_klein"
    }
  },
  "errors": {},
  "outputs": {
    "perturbed": "/workspace/output/mentor_results_20260614_092647/search/pass1/04_men16_sunglasses_stealth/embedding_loss_run_20260614_095344/iterations/iter_000001/perturbed.png",
    "perturbed_diffused": "/workspace/output/mentor_results_20260614_092647/search/pass1/04_men16_sunglasses_stealth/embedding_loss_run_20260614_095344/iterations/iter_000001/perturbed_diffused.png",
    "metrics": "/workspace/output/mentor_results_20260614_092647/search/pass1/04_men16_sunglasses_stealth/embedding_loss_run_20260614_095344/iterations/iter_000001/metrics.json"
  },
  "elapsed_seconds": 2.6865565779153258
}