{
  "config": {
    "input": "/workspace/gender_dataset/men/51.jpg",
    "prompt": "turn the image into a professional headshot",
    "output_dir": "/workspace/output/geo_whitebox_results_20260614_172707/blackbox/men51_headshot_local_from_whitebox_g6p12",
    "seed": 7401,
    "max_size": 512,
    "diffusion_steps": 4,
    "guidance_scale": 1.0,
    "max_sequence_length": 512,
    "text_encoder_out_layers": [
      9,
      18,
      27
    ],
    "torch_dtype": "bfloat16",
    "methods": [
      "tps",
      "piecewise",
      "dct",
      "rolling"
    ],
    "objective": "final_edit_blackbox",
    "attack_iters": 0,
    "lr": 0.08,
    "max_disp_px": 2.5,
    "init_scale_px": 0.0,
    "grid_size": 6,
    "dct_size": 4,
    "rbf_size": 5,
    "rbf_sigma": 0.55,
    "tps_size": 5,
    "piecewise_size": 5,
    "padding_mode": "reflection",
    "face_mask": "face",
    "face_center_x": 0.4208984375,
    "face_center_y": 0.2930952380952381,
    "face_radius_x": 0.22,
    "face_radius_y": 0.3,
    "use_gates": true,
    "gate_init": 2.0,
    "lambda_visual": 30.0,
    "lambda_disp": 0.1,
    "lambda_smooth": 0.2,
    "lambda_fold": 5.0,
    "lambda_method_l1": 0.02,
    "lambda_gate_l1": 0.01,
    "hybrid_vae_weight": 0.2,
    "feature_layers": [
      0,
      4,
      8
    ],
    "feature_source": "blocks",
    "objective_timestep": 0,
    "objective_timesteps": [
      0
    ],
    "edge_falloff_px": 16.0,
    "save_theta": true
  },
  "projected_parameters_finite": true,
  "metrics": {
    "input": {
      "psnr": 42.57578344578435,
      "ssim": 0.9940452184862115,
      "l2": 0.0074337992316828175,
      "mean_abs": 0.0017176619730889797,
      "max_abs": 0.20000001788139343
    },
    "output": {
      "psnr": 34.07216146948103,
      "ssim": 0.9863163804498946,
      "l2": 0.01978754550119783,
      "mean_abs": 0.006007058080285788,
      "max_abs": 0.7058823704719543
    },
    "clean_edit": {
      "psnr": 13.235801921706294,
      "ssim": 0.5809445748915938,
      "l2": 0.21787625609761865,
      "mean_abs": 0.15768350660800934,
      "max_abs": 0.9607843160629272
    },
    "perturbed_edit": {
      "psnr": 13.240143406767686,
      "ssim": 0.5834274352308423,
      "l2": 0.21776738179772262,
      "mean_abs": 0.15729278326034546,
      "max_abs": 0.9607843160629272
    },
    "displacement": {
      "max_dx_px": 0.651797890663147,
      "max_dy_px": 0.6064776182174683,
      "max_magnitude_px": 0.6517984867095947,
      "mean_magnitude_px": 0.0784686803817749,
      "p95_magnitude_px": 0.4723049998283386
    },
    "score_terms": {
      "prompt_failure": 0.00010887429989603348,
      "output_diverge": 0.1536722057064109,
      "stealth_penalty": 0.0
    }
  },
  "score": 0.15410770290599504,
  "valid": true,
  "method_displacement": {
    "rolling": {
      "max_dx_px": 0.1428077518939972,
      "max_dy_px": 0.0,
      "max_magnitude_px": 0.1428077518939972,
      "mean_magnitude_px": 0.016425684094429016,
      "p95_magnitude_px": 0.11446400731801987
    },
    "dct": {
      "max_dx_px": 0.5065498948097229,
      "max_dy_px": 0.5052177906036377,
      "max_magnitude_px": 0.516401469707489,
      "mean_magnitude_px": 0.06863764673471451,
      "p95_magnitude_px": 0.4007963240146637
    },
    "tps": {
      "max_dx_px": 0.07424508780241013,
      "max_dy_px": 0.10911599546670914,
      "max_magnitude_px": 0.11022037267684937,
      "mean_magnitude_px": 0.011276877485215664,
      "p95_magnitude_px": 0.06820901483297348
    },
    "piecewise": {
      "max_dx_px": 0.1374194473028183,
      "max_dy_px": 0.03751859441399574,
      "max_magnitude_px": 0.13761110603809357,
      "mean_magnitude_px": 0.016420679166913033,
      "p95_magnitude_px": 0.10459472984075546
    }
  },
  "gate_values": {
    "tps": 0.3695947229862213,
    "piecewise": 0.3659127354621887,
    "dct": 0.47703126072883606,
    "rolling": 0.5863623023033142
  },
  "outputs": {
    "original": "/workspace/output/geo_whitebox_results_20260614_172707/blackbox/men51_headshot_local_from_whitebox_g6p12/cand_062_g06_m02/original.png",
    "perturbed": "/workspace/output/geo_whitebox_results_20260614_172707/blackbox/men51_headshot_local_from_whitebox_g6p12/cand_062_g06_m02/perturbed.png",
    "original_diffused": "/workspace/output/geo_whitebox_results_20260614_172707/blackbox/men51_headshot_local_from_whitebox_g6p12/cand_062_g06_m02/original_diffused.png",
    "perturbed_diffused": "/workspace/output/geo_whitebox_results_20260614_172707/blackbox/men51_headshot_local_from_whitebox_g6p12/cand_062_g06_m02/perturbed_diffused.png",
    "flow": "/workspace/output/geo_whitebox_results_20260614_172707/blackbox/men51_headshot_local_from_whitebox_g6p12/cand_062_g06_m02/flow.png",
    "report": "/workspace/output/geo_whitebox_results_20260614_172707/blackbox/men51_headshot_local_from_whitebox_g6p12/cand_062_g06_m02/report.json"
  }
}