{
  "config": {
    "input": "/workspace/gender_dataset/men/51.jpg",
    "prompt": "turn the image into a professional headshot",
    "output_dir": "/workspace/output/geo_whitebox_results_20260614_172707/blackbox/men51_headshot_local_seed5203_g6p12",
    "seed": 5203,
    "max_size": 512,
    "diffusion_steps": 4,
    "guidance_scale": 1.0,
    "max_sequence_length": 512,
    "text_encoder_out_layers": [
      9,
      18,
      27
    ],
    "torch_dtype": "bfloat16",
    "methods": [
      "tps",
      "piecewise",
      "dct",
      "rolling"
    ],
    "objective": "final_edit_blackbox",
    "attack_iters": 0,
    "lr": 0.08,
    "max_disp_px": 2.5,
    "init_scale_px": 0.0,
    "grid_size": 6,
    "dct_size": 4,
    "rbf_size": 5,
    "rbf_sigma": 0.55,
    "tps_size": 5,
    "piecewise_size": 5,
    "padding_mode": "reflection",
    "face_mask": "face",
    "face_center_x": 0.4208984375,
    "face_center_y": 0.2930952380952381,
    "face_radius_x": 0.22,
    "face_radius_y": 0.3,
    "use_gates": true,
    "gate_init": 2.0,
    "lambda_visual": 30.0,
    "lambda_disp": 0.1,
    "lambda_smooth": 0.2,
    "lambda_fold": 5.0,
    "lambda_method_l1": 0.02,
    "lambda_gate_l1": 0.01,
    "hybrid_vae_weight": 0.2,
    "feature_layers": [
      0,
      4,
      8
    ],
    "feature_source": "blocks",
    "objective_timestep": 0,
    "objective_timesteps": [
      0
    ],
    "edge_falloff_px": 16.0,
    "save_theta": true
  },
  "projected_parameters_finite": true,
  "metrics": {
    "input": {
      "psnr": 37.81887695021814,
      "ssim": 0.9867360841995408,
      "l2": 0.012854528529627235,
      "mean_abs": 0.002953873947262764,
      "max_abs": 0.5215686559677124
    },
    "output": {
      "psnr": 20.381816783440577,
      "ssim": 0.935478482367389,
      "l2": 0.09569938808074124,
      "mean_abs": 0.025794940069317818,
      "max_abs": 0.9215686321258545
    },
    "clean_edit": {
      "psnr": 13.513728419151365,
      "ssim": 0.585137327901636,
      "l2": 0.21101512187176083,
      "mean_abs": 0.16538751125335693,
      "max_abs": 0.9411764740943909
    },
    "perturbed_edit": {
      "psnr": 13.931686037615112,
      "ssim": 0.5914311723221409,
      "l2": 0.20110167973081003,
      "mean_abs": 0.15888531506061554,
      "max_abs": 0.9254902005195618
    },
    "displacement": {
      "max_dx_px": 0.7583852410316467,
      "max_dy_px": 0.819622278213501,
      "max_magnitude_px": 0.9148049354553223,
      "mean_magnitude_px": 0.11336985975503922,
      "p95_magnitude_px": 0.7292025089263916
    },
    "score_terms": {
      "prompt_failure": 0.009913442140950801,
      "output_diverge": 0.7365830109341505,
      "stealth_penalty": 0.0036224609956371978
    }
  },
  "score": 0.7726143185023164,
  "valid": true,
  "method_displacement": {
    "rolling": {
      "max_dx_px": 0.16267864406108856,
      "max_dy_px": 0.0,
      "max_magnitude_px": 0.16267864406108856,
      "mean_magnitude_px": 0.020381305366754532,
      "p95_magnitude_px": 0.13687340915203094
    },
    "dct": {
      "max_dx_px": 0.739898681640625,
      "max_dy_px": 0.746508002281189,
      "max_magnitude_px": 0.8992326855659485,
      "mean_magnitude_px": 0.11442474275827408,
      "p95_magnitude_px": 0.777877151966095
    },
    "tps": {
      "max_dx_px": 0.08964841067790985,
      "max_dy_px": 0.07741066813468933,
      "max_magnitude_px": 0.09671127051115036,
      "mean_magnitude_px": 0.00976403895765543,
      "p95_magnitude_px": 0.06424000859260559
    },
    "piecewise": {
      "max_dx_px": 0.08588773012161255,
      "max_dy_px": 0.10586986690759659,
      "max_magnitude_px": 0.10862360894680023,
      "mean_magnitude_px": 0.010444077663123608,
      "p95_magnitude_px": 0.0680551528930664
    }
  },
  "gate_values": {
    "tps": 0.4966779351234436,
    "piecewise": 0.4188726842403412,
    "dct": 0.6560742855072021,
    "rolling": 0.6236045956611633
  },
  "outputs": {
    "original": "/workspace/output/geo_whitebox_results_20260614_172707/blackbox/men51_headshot_local_seed5203_g6p12/cand_014_g02_m02/original.png",
    "perturbed": "/workspace/output/geo_whitebox_results_20260614_172707/blackbox/men51_headshot_local_seed5203_g6p12/cand_014_g02_m02/perturbed.png",
    "original_diffused": "/workspace/output/geo_whitebox_results_20260614_172707/blackbox/men51_headshot_local_seed5203_g6p12/cand_014_g02_m02/original_diffused.png",
    "perturbed_diffused": "/workspace/output/geo_whitebox_results_20260614_172707/blackbox/men51_headshot_local_seed5203_g6p12/cand_014_g02_m02/perturbed_diffused.png",
    "flow": "/workspace/output/geo_whitebox_results_20260614_172707/blackbox/men51_headshot_local_seed5203_g6p12/cand_014_g02_m02/flow.png",
    "report": "/workspace/output/geo_whitebox_results_20260614_172707/blackbox/men51_headshot_local_seed5203_g6p12/cand_014_g02_m02/report.json"
  }
}